0,[ 0.1292  0.9433  1.3901  1.8084] s
1,[ 0.4998  1.0492  1.4493  1.8597] s
2,[ 0.3104  0.9713  1.3824  1.7944] s
3,[ 0.0226  0.7146  1.1632  1.5375  1.9585] s
4,[ 0.0882  0.7446  1.2111  1.618 ] s
5,[ 0.0137  0.7579  1.2269  1.6253] s
6,[ 0.5059  1.1437  1.5534  1.9799] s
7,[ 0.1291  0.9415  1.3639  1.768 ] s
8,[ 0.3373  1.0253  1.4321  1.8402] s
9,[ 0.6695  1.2413  1.6533] s
10,[ 0.5134  1.1742  1.5871] s
11,[ 0.3898  0.9447  1.3628  1.7741] s
12,[ 0.5431  1.0913  1.5003  1.9239] s
13,[ 0.0225  0.5922  1.0793  1.4696  1.8892] s
14,[ 0.6256  1.158   1.5564  1.9811] s
15,[ 0.1325  0.7331  1.2218  1.6282] s
16,[ 0.5622  1.1255  1.5411  1.967 ] s
17,[ 0.0169  1.0314  1.4727  1.8934] s
18,[ 0.7467  1.2608  1.687 ] s
19,[ 0.3603  0.8723  1.2524  1.6518] s
20,[ 0.1736  0.7773  1.2396  1.6384] s
21,[ 1.1142  1.5319  1.9594] s
22,[ 0.2561  1.1965  1.6218] s
23,[ 1.0682  1.4877  1.9095] s
24,[ 0.1196  0.788   1.246   1.6514] s
25,[ 0.8174  1.3303  1.7527] s
26,[ 0.1857  0.8028  1.2497  1.6608] s
27,[ 0.1382  0.8266  1.3123  1.7352] s
28,[ 0.6672  1.1751  1.575   1.9992] s
29,[ 0.7935  1.256   1.6546] s
30,[ 0.2875  0.8909  1.2935  1.6939] s
31,[ 0.3521  1.1218  1.5439  1.9708] s
32,[ 0.5224  1.0633  1.4681  1.8854] s
33,[ 0.906   1.3594  1.7766] s
34,[ 0.0319  0.748   1.1974  1.595 ] s
35,[ 0.6651  1.2994  1.7202] s
36,[ 0.4639  1.0377  1.4216  1.8343] s
37,[ 0.2602  0.9844  1.4046  1.8168] s
38,[ 0.2951  0.8161  1.269   1.6823] s
39,[ 0.1557  0.9094  1.3737  1.7937] s
40,[ 0.8982  1.3525  1.7627] s
41,[ 0.2996  0.8525  1.2466  1.6305] s
42,[ 0.3518  0.9093  1.3451  1.7613] s
43,[ 0.397   0.9671  1.4081  1.8301] s
44,[ 0.2254  0.8328  1.3122  1.7152] s
45,[ 0.4191  0.9643  1.3727  1.7835] s
46,[ 0.6636  1.2498  1.6741] s
47,[ 0.1143  0.7156  1.177   1.5592  1.9781] s
48,[ 0.4215  0.9649  1.3758  1.78  ] s
49,[ 0.8693  1.3804  1.8073] s
50,[ 0.8649  1.3495  1.77  ] s
51,[ 0.0977  0.7765  1.2626  1.686 ] s
52,[ 0.0237  0.5935  1.0902  1.4792  1.8962] s
53,[ 0.1801  0.7476  1.1737  1.57    1.9955] s
54,[ 1.0497  1.4837  1.9084] s
55,[ 0.0705  0.691   1.1963  1.6159] s
56,[ 0.9728  1.382   1.7908] s
57,[ 0.214   0.8393  1.2857  1.6924] s
58,[ 0.5492  1.0921  1.4995  1.918 ] s
59,[ 0.3946  1.0442  1.4538  1.8667] s
60,[ 0.5778  1.129   1.5181  1.9377] s
61,[ 0.191   0.8293  1.2545  1.648 ] s
62,[ 0.3135  0.8449  1.2589  1.6543] s
63,[ 0.3209  0.8423  1.2633  1.6603] s
64,[ 0.6829  1.1991  1.5952] s
65,[ 1.1479  1.5793] s
66,[ 0.9547  1.4295  1.8561] s
67,[ 0.6697  1.1901  1.5941] s
68,[ 1.0247  1.4719  1.8951] s
69,[ 0.9086  1.3319  1.7336] s
70,[ 0.449   1.0456  1.4542  1.8703] s
71,[ 0.2261  0.8793  1.3234  1.7343] s
72,[ 0.5575  1.1137  1.5309  1.9604] s
73,[ 0.9056  1.3545  1.7673] s
74,[ 0.5223  1.194   1.6262] s
75,[ 0.1953  1.1764  1.589 ] s
76,[ 0.5777  1.1206  1.5226  1.9457] s
77,[ 0.5187  1.0507  1.4323  1.8406] s
78,[ 0.4002  0.9151  1.2908  1.6856] s
79,[ 0.8124  1.3467  1.7636] s
80,[ 0.8458  1.2829  1.6794] s
81,[ 1.0835  1.501   1.9248] s
82,[ 0.6713  1.1823  1.5818] s
83,[ 0.0804  0.9129  1.3642  1.7819] s
84,[ 0.5864  1.1098  1.5028  1.9221] s
85,[ 0.898   1.3492  1.7577] s
86,[ 0.3599  0.8775  1.3087  1.7125] s
87,[ 0.3138  1.0454  1.4796  1.9053] s
88,[ 0.0836  0.9711  1.4506  1.8726] s
89,[ 0.3404  1.1549  1.5881] s
90,[ 0.6532  1.1606  1.5553  1.9781] s
91,[ 0.6036  1.1112  1.5204  1.9436] s
92,[ 0.482   1.0463  1.4653  1.8864] s
93,[ 0.8212  1.2532  1.644 ] s
94,[ 0.9637  1.4872  1.9229] s
95,[    2.1   731.4  1209.8  1619.1] ms
96,[ 1.0429  1.4832  1.9052] s
97,[ 0.7373  1.2584  1.684 ] s
98,[ 1.004   1.4595  1.8832] s
99,[ 0.2022  0.8028  1.2198  1.6142] s
100,[ 0.035   0.6489  1.1567  1.5643  1.9896] s
101,[ 0.5898  1.1582  1.5788] s
102,[ 0.6096  1.1071  1.4966  1.9141] s
103,[ 1.0318  1.4567  1.8744] s
104,[ 0.3774  1.0471  1.4805  1.9013] s
105,[ 1.1099  1.5233  1.9478] s
106,[ 0.6544  1.2249  1.629 ] s
107,[ 0.0645  1.0303  1.4499  1.8665] s
108,[ 0.6168  1.1733  1.5965] s
109,[ 0.0501  0.6848  1.1911  1.598 ] s
110,[ 0.5832  1.1802  1.5909] s
111,[ 0.9099  1.3722  1.7912] s
112,[ 0.5064  1.1462  1.5451  1.9665] s
113,[ 0.5485  1.0549  1.4298  1.8387] s
114,[ 0.0338  0.6429  1.1383  1.5431  1.9681] s
115,[ 0.8206  1.2979  1.7097] s
116,[ 1.1092  1.5425  1.97  ] s
117,[ 0.0075  0.963   1.3963  1.8157] s
118,[ 1.0856  1.5202  1.9462] s
119,[ 0.2478  0.957   1.3701  1.7851] s
120,[ 0.6448  1.1333  1.5101  1.9292] s
121,[ 0.1304  1.0051  1.432   1.8519] s
122,[ 1.1331  1.5447  1.9699] s
123,[ 0.0147  0.7705  1.2427  1.6402] s
124,[ 0.5824  1.1036  1.4894  1.9026] s
125,[ 0.5488  1.0822  1.469   1.8859] s
126,[ 0.7369  1.2555  1.6643] s
127,[ 0.9689  1.4503  1.8794] s
128,[ 0.6573  1.2279  1.6425] s
129,[ 0.5571  1.1485  1.5391  1.9613] s
130,[ 0.541   1.1294  1.5458  1.9728] s
131,[ 1.0439  1.4912  1.9154] s
132,[ 0.6449  1.1594  1.5476  1.967 ] s
133,[ 0.3126  0.8718  1.317   1.7295] s
134,[ 0.6178  1.1104  1.512   1.9374] s
135,[ 0.2037  0.9864  1.4537  1.8777] s
136,[ 0.6496  1.1997  1.6207] s
137,[ 0.7004  1.2475  1.6663] s
138,[ 0.6044  1.1473  1.5356  1.9552] s
139,[ 0.8755  1.3328  1.7393] s
140,[ 0.1218  0.699   1.1643  1.551   1.9727] s
141,[ 0.8458  1.329   1.7438] s
142,[ 0.1264  0.8794  1.3237  1.7357] s
143,[ 0.156   0.8972  1.3567  1.7702] s
144,[ 0.5773  1.0843  1.4614  1.8699] s
145,[ 0.0385  1.1127  1.5405  1.9678] s
146,[ 0.4438  1.0463  1.4423  1.8565] s
147,[ 0.4017  0.986   1.3945  1.8072] s
148,[ 0.4272  0.9594  1.3711  1.7878] s
149,[ 0.1002  0.6274  1.1025  1.4829  1.9032] s
150,[ 0.9452  1.3891  1.8059] s
151,[ 0.6994  1.2269  1.6342] s
152,[ 0.7866  1.2666  1.679 ] s
153,[ 1.0804  1.522   1.9505] s
154,[ 0.346   0.9578  1.3916  1.8147] s
155,[ 0.7541  1.277   1.6861] s
156,[ 0.2746  0.9655  1.3965  1.8155] s
157,[ 0.3557  0.9762  1.4018  1.8201] s
158,[ 0.7828  1.2974  1.7224] s
159,[ 0.4019  1.0023  1.4113  1.8285] s
160,[ 0.4218  1.1553  1.5613  1.9858] s
161,[ 0.9638  1.3872  1.8014] s
162,[ 0.3383  0.9975  1.4365  1.8612] s
163,[ 0.7447  1.2223  1.6154] s
164,[ 1.1221  1.5435  1.9707] s
165,[ 0.6315  1.1482  1.5443  1.9678] s
166,[ 0.1478  1.0354  1.4596  1.8811] s
167,[ 0.4438  1.0455  1.4617  1.8753] s
168,[ 0.6343  1.1401  1.5334  1.9551] s
169,[ 0.6596  1.1765  1.5709  1.9959] s
170,[ 0.5949  1.2221  1.6265] s
171,[ 0.3054  0.969   1.3778  1.788 ] s
172,[ 0.7826  1.2402  1.6307] s
173,[ 1.1507  1.5709  1.9995] s
174,[ 0.9247  1.3891  1.8065] s
175,[ 0.4173  0.9697  1.3865  1.8106] s
176,[ 0.5141  1.0888  1.4855  1.9051] s
177,[ 0.2462  0.8324  1.2461  1.6374] s
178,[ 0.1081  0.8464  1.3336  1.7498] s
179,[ 0.3329  1.1485  1.5551  1.9797] s
180,[ 0.3045  0.7844  1.2137  1.6155] s
181,[ 1.059   1.4906  1.9121] s
182,[ 0.7062  1.1933  1.5934] s
183,[ 0.4061  0.9104  1.2942  1.6905] s
184,[ 1.1584  1.5829] s
185,[ 0.0605  0.7469  1.2091  1.6077] s
186,[ 0.265   0.8477  1.2541  1.6496] s
187,[ 0.1809  0.9024  1.3419  1.7475] s
188,[ 0.1469  0.7222  1.2183  1.6254] s
189,[ 0.179   0.9692  1.4057  1.8277] s
190,[ 0.4937  1.0649  1.4924  1.9198] s
191,[ 0.8058  1.3332  1.7474] s
192,[    2.   1087.8  1519.7  1946.5] ms
193,[ 0.0246  0.6869  1.1816  1.5809] s
194,[ 0.8754  1.3511  1.7631] s
195,[ 0.3028  0.9176  1.3334  1.734 ] s
196,[ 0.2956  1.1126  1.5482  1.9795] s
197,[ 0.6187  1.1879  1.5899] s
198,[ 0.5987  1.1173  1.5133  1.9349] s
199,[ 1.1127  1.5355  1.9612] s
200,[ 0.3444  1.1111  1.5462  1.9736] s
201,[ 0.2634  0.8313  1.2781  1.6825] s
202,[ 0.1537  0.9361  1.3675  1.7756] s
203,[ 0.5056  1.176   1.5867] s
204,[ 0.7951  1.2803  1.6983] s
205,[ 1.0475  1.5032  1.9341] s
206,[ 1.0468  1.4772  1.8986] s
207,[ 0.3988  1.1502  1.582 ] s
208,[ 0.0639  0.8048  1.2837  1.6855] s
209,[ 0.3996  1.0793  1.5162  1.9448] s
210,[ 0.4457  0.999   1.4174  1.8306] s
211,[ 1.1059  1.5113  1.9303] s
212,[ 0.4856  1.0277  1.3922  1.7953] s
213,[ 0.6669  1.1849  1.5802] s
214,[ 0.4203  1.0209  1.4084  1.8192] s
215,[ 0.2129  0.8156  1.272   1.6753] s
216,[ 0.7183  1.2507  1.6639] s
217,[ 0.5946  1.1406  1.5496  1.9762] s
218,[ 0.8749  1.3281  1.7371] s
219,[ 0.2127  1.1125  1.5477  1.9764] s
220,[ 0.132   0.9448  1.3719  1.7803] s
221,[ 0.8294  1.324   1.7387] s
222,[ 0.2781  0.861   1.2611  1.661 ] s
223,[ 0.8408  1.2973  1.6938] s
224,[ 0.6936  1.1728  1.5524  1.9703] s
225,[ 0.7722  1.2973  1.7046] s
226,[ 0.6991  1.2095  1.6083] s
227,[ 0.6882  1.201   1.6233] s
228,[ 0.5687  1.1827  1.5831] s
229,[ 0.76    1.3098  1.7302] s
230,[ 0.066   0.7415  1.2044  1.5979] s
231,[ 0.4054  0.9598  1.3483  1.7505] s
232,[ 0.3433  0.8424  1.2735  1.6879] s
233,[ 0.8452  1.3207  1.731 ] s
234,[ 0.831   1.296   1.7114] s
235,[ 0.611   1.1948  1.6114] s
236,[ 0.6666  1.2102  1.6102] s
237,[ 0.3934  0.9341  1.3307  1.7381] s
238,[ 0.692   1.1902  1.5788] s
239,[ 0.4246  1.0468  1.4461  1.8609] s
240,[ 0.178   1.0263  1.4549  1.8772] s
241,[ 0.3831  1.1398  1.5678  1.9962] s
242,[ 0.0615  0.9171  1.3755  1.7861] s
243,[ 0.3745  1.0386  1.4485  1.8626] s
244,[ 0.8672  1.3632  1.7869] s
245,[ 0.969   1.4468  1.8687] s
246,[ 0.5126  1.0356  1.4285  1.8439] s
247,[ 0.2998  0.8482  1.3032  1.7121] s
248,[ 0.6321  1.1836  1.5938] s
249,[ 0.2342  0.9676  1.3964  1.8142] s
250,[ 0.5802  1.1175  1.5173  1.9383] s
251,[ 0.9696  1.4081  1.8264] s
252,[ 0.8935  1.3583  1.7699] s
253,[ 0.3533  1.0535  1.4745  1.8966] s
254,[ 0.4513  1.0275  1.4178  1.8292] s
255,[ 1.2469  1.6849] s
256,[ 0.8597  1.3375  1.753 ] s
257,[ 0.9478  1.4079  1.8285] s
258,[ 0.7078  1.2511  1.6608] s
259,[ 0.0728  0.7776  1.2427  1.6374] s
260,[    5.6   769.4  1251.8  1660.9] ms
261,[ 0.0708  0.9254  1.3838  1.8125] s
262,[ 0.335   0.9559  1.384   1.8035] s
263,[ 0.3741  1.0161  1.419   1.8312] s
264,[ 0.4689  1.1553  1.5597  1.9846] s
265,[ 0.3605  0.9945  1.4208  1.837 ] s
266,[ 0.6358  1.1592  1.5672  1.9911] s
267,[ 0.3772  0.9694  1.3883  1.7999] s
268,[ 0.0216  1.0188  1.4322  1.8457] s
269,[ 0.8063  1.3079  1.7183] s
270,[ 0.4077  1.046   1.4638  1.8848] s
271,[ 0.255   0.9072  1.3059  1.7042] s
272,[ 0.9857  1.4237  1.8481] s
273,[ 0.8727  1.3526  1.7691] s
274,[ 1.0924  1.5115  1.9348] s
275,[ 0.8005  1.2996  1.7052] s
276,[ 0.9457  1.4026  1.818 ] s
277,[ 0.8192  1.3164  1.7327] s
278,[ 0.4896  1.0788  1.486   1.9054] s
279,[ 0.3664  0.898   1.3321  1.7444] s
280,[ 0.2336  0.8431  1.272   1.6687] s
281,[ 0.6905  1.1706  1.5683  1.994 ] s
282,[ 0.7887  1.3194  1.7359] s
283,[ 0.6383  1.1965  1.6052] s
284,[ 0.9192  1.3701  1.7802] s
285,[ 0.9629  1.3891  1.8014] s
286,[ 0.7743  1.2691  1.684 ] s
287,[ 0.141   0.7771  1.2513  1.6669] s
288,[ 0.2998  0.9042  1.3359  1.7482] s
289,[ 0.9542  1.4211  1.8394] s
290,[ 0.3599  0.9298  1.3594  1.7696] s
291,[ 0.7353  1.213   1.614 ] s
292,[ 0.5788  1.1344  1.5518  1.9799] s
293,[ 1.0292  1.4679  1.891 ] s
294,[ 0.1508  1.1412  1.564   1.9928] s
295,[ 1.0747  1.5163  1.9472] s
296,[ 0.8966  1.3729  1.7892] s
297,[ 0.9936  1.4475  1.8631] s
298,[ 0.6593  1.2092  1.6208] s
299,[ 0.3268  0.8535  1.285   1.6858] s
300,[ 0.7005  1.2508  1.6659] s
301,[ 0.2696  0.9513  1.376   1.7817] s
302,[ 0.7042  1.3325  1.7608] s
303,[ 0.5494  1.0909  1.4896  1.909 ] s
304,[ 0.6175  1.1334  1.5404  1.9665] s
305,[ 0.5735  1.1272  1.5291  1.9528] s
306,[ 0.0631  0.7889  1.2423  1.6422] s
307,[ 0.5195  1.092   1.4859  1.9026] s
308,[ 0.7201  1.2611  1.6848] s
309,[ 0.4451  1.1261  1.5292  1.9502] s
310,[ 1.0545  1.4728  1.8903] s
311,[ 0.2733  0.8739  1.3249  1.7348] s
312,[ 0.391   0.9868  1.402   1.8207] s
313,[ 1.1583  1.5698  1.9981] s
314,[ 0.3737  1.0325  1.4496  1.8693] s
315,[ 0.491   1.0244  1.4104  1.8181] s
316,[ 0.5849  1.0871  1.4808  1.8988] s
317,[ 0.032   0.7988  1.3283  1.7464] s
318,[ 0.2664  0.9438  1.344   1.7483] s
319,[ 0.8705  1.3379  1.7457] s
320,[ 0.1239  0.7465  1.2304  1.6416] s
321,[ 0.7992  1.2979  1.7143] s
322,[ 0.2859  0.9642  1.3778  1.794 ] s
323,[ 0.0254  0.9543  1.4048  1.8234] s
324,[ 0.1838  0.9125  1.3663  1.7783] s
325,[ 0.7334  1.2557  1.6674] s
326,[ 0.6721  1.2241  1.6389] s
327,[ 0.7739  1.2643  1.6839] s
328,[ 0.3786  0.8395  1.2398  1.6229] s
329,[ 0.9626  1.3718  1.7802] s
330,[ 0.1847  1.0246  1.4607  1.8826] s
331,[ 0.534   1.0816  1.498   1.9257] s
332,[ 1.1135  1.5461  1.9712] s
333,[ 0.3666  1.0208  1.4373  1.8525] s
334,[ 0.1754  0.9593  1.3925  1.8124] s
335,[ 0.672   1.2025  1.6165] s
336,[ 0.5777  1.1376  1.5265  1.9426] s
337,[ 0.3676  1.0272  1.4488  1.8678] s
338,[ 0.8498  1.2909  1.6893] s
339,[ 1.1397  1.5511  1.976 ] s
340,[ 0.208   0.8612  1.3284  1.7452] s
341,[ 0.2033  0.9915  1.4122  1.8278] s
342,[ 0.1217  0.8742  1.3311  1.7435] s
343,[ 0.2957  0.9455  1.3676  1.7806] s
344,[ 0.2829  0.896   1.339   1.7532] s
345,[ 0.299   0.9793  1.4629  1.8866] s
346,[ 0.5811  1.1822  1.5759] s
347,[ 0.5439  1.0653  1.4548  1.8704] s
348,[ 0.174   0.9567  1.4064  1.822 ] s
349,[ 0.4825  1.0711  1.4741  1.8922] s
350,[ 0.7237  1.2258  1.629 ] s
351,[ 0.6717  1.1666  1.564   1.9886] s
352,[ 0.239   1.073   1.5018  1.9268] s
353,[ 0.5934  1.1669  1.5845] s
354,[ 0.2518  1.2006  1.6346] s
355,[ 0.7938  1.2675  1.6733] s
356,[ 0.6479  1.1791  1.5963] s
357,[ 0.2225  0.8903  1.3406  1.7527] s
358,[ 0.0642  0.8692  1.3151  1.7185] s
359,[ 0.2116  0.8739  1.307   1.712 ] s
360,[ 0.4076  1.0907  1.4986  1.9236] s
361,[ 0.1821  0.8314  1.294   1.7019] s
362,[ 0.3207  0.9529  1.3744  1.7878] s
363,[ 0.344   1.0314  1.4411  1.8528] s
364,[ 0.0392  1.1958  1.6357] s
365,[ 0.1341  0.8121  1.2802  1.6853] s
366,[ 0.8573  1.3104  1.7132] s
367,[ 0.605   1.2112  1.6219] s
368,[ 0.5384  1.117   1.5136  1.9347] s
369,[ 0.7985  1.2346  1.6219] s
370,[ 0.6356  1.1819  1.5826] s
371,[ 0.8813  1.3325  1.7399] s
372,[ 0.3418  0.976   1.3928  1.8079] s
373,[ 0.8444  1.3221  1.7326] s
374,[ 0.8307  1.36    1.7819] s
375,[ 0.5146  1.1044  1.518   1.9392] s
376,[ 0.2214  0.7183  1.1281  1.5006  1.9179] s
377,[ 0.1789  0.8301  1.2764  1.6837] s
378,[ 0.9211  1.3779  1.7988] s
379,[ 0.1316  0.9023  1.3437  1.7562] s
380,[ 0.5453  1.0515  1.4674  1.89  ] s
381,[ 0.3906  1.1655  1.58  ] s
382,[ 0.1118  0.9426  1.367   1.7764] s
383,[ 0.7086  1.1901  1.5921] s
384,[ 0.2937  0.9482  1.3757  1.7871] s
385,[ 0.5506  1.1799  1.5939] s
386,[ 1.1206  1.5562  1.983 ] s
387,[ 0.5624  1.0853  1.4972  1.9222] s
388,[ 0.5776  1.1573  1.5833] s
389,[ 0.3492  0.9886  1.4142  1.837 ] s
390,[ 0.6113  1.177   1.5793] s
391,[ 0.2983  1.0795  1.5089  1.9348] s
392,[ 0.7525  1.2598  1.6644] s
393,[ 0.1418  0.6715  1.1459  1.5389  1.9605] s
394,[ 0.6187  1.1458  1.5493  1.9751] s
395,[ 0.4423  1.1513  1.5751] s
396,[ 0.8514  1.3196  1.7362] s
397,[ 0.4991  1.137   1.5443  1.9682] s
398,[ 0.7495  1.2345  1.6416] s
399,[ 0.1346  0.8371  1.2967  1.697 ] s
400,[ 0.3164  0.9438  1.3686  1.7802] s
401,[ 0.7639  1.3173  1.7339] s
402,[ 0.8016  1.2729  1.6728] s
403,[ 0.652   1.2279  1.6467] s
404,[ 0.6059  1.2008  1.6212] s
405,[ 0.3773  0.9338  1.3557  1.7687] s
406,[ 0.4143  1.1252  1.5432  1.9691] s
407,[ 0.2891  0.9638  1.3763  1.7876] s
408,[ 0.8926  1.3561  1.7676] s
409,[ 0.4988  1.185   1.6183] s
410,[ 0.5993  1.1249  1.5075  1.9241] s
411,[ 0.0934  1.1338  1.5761] s
412,[ 0.1814  0.7884  1.2019  1.5942] s
413,[ 0.6228  1.1527  1.5518  1.9767] s
414,[ 0.5766  1.095   1.48    1.8984] s
415,[ 0.7951  1.2945  1.7074] s
416,[ 0.8845  1.3237  1.7242] s
417,[ 0.14    0.7184  1.1845  1.57    1.9942] s
418,[ 0.4986  1.1011  1.5064  1.929 ] s
419,[ 0.8561  1.3676  1.7882] s
420,[ 0.1132  1.2007  1.6337] s
421,[ 0.3398  0.8547  1.2864  1.694 ] s
422,[ 0.4744  1.0345  1.4192  1.828 ] s
423,[ 0.7493  1.2457  1.6521] s
424,[ 0.029   1.0974  1.5304  1.9607] s
425,[ 1.0404  1.4716  1.8895] s
426,[ 0.4795  1.1739  1.5917] s
427,[ 0.9054  1.3708  1.788 ] s
428,[ 0.1319  0.6557  1.1158  1.5129  1.9373] s
429,[ 0.2652  1.0174  1.4521  1.8722] s
430,[ 0.6521  1.2193  1.6319] s
431,[ 0.4301  1.0636  1.4696  1.891 ] s
432,[ 0.0284  0.625   1.1106  1.4931  1.9103] s
433,[ 0.2614  1.1759  1.5991] s
434,[ 0.1744  1.1259  1.5421  1.9684] s
435,[ 0.5229  1.0529  1.4539  1.8686] s
436,[ 0.288   0.8259  1.2322  1.6397] s
437,[ 0.5207  1.1351  1.5425  1.9691] s
438,[ 0.1349  0.9548  1.395   1.8134] s
439,[ 0.4754  1.0392  1.4701  1.8953] s
440,[ 0.7342  1.2182  1.6279] s
441,[ 0.4207  1.0351  1.462   1.8812] s
442,[ 0.8207  1.271   1.6682] s
443,[ 0.2657  1.0328  1.4735  1.8952] s
444,[ 0.5419  1.1742  1.5599  1.9833] s
445,[ 0.9122  1.3926  1.813 ] s
446,[ 0.3668  1.1956  1.6089] s
447,[ 0.4325  1.1024  1.5002  1.9204] s
448,[ 0.5348  1.1472  1.551   1.9763] s
449,[ 0.5314  1.1256  1.543   1.9716] s
450,[ 0.0881  0.8455  1.2783  1.6765] s
451,[ 0.313   1.1916  1.6193] s
452,[ 0.1629  1.1783  1.611 ] s
453,[ 0.0411  0.7768  1.235   1.6365] s
454,[ 1.1664  1.5927] s
455,[ 0.357   1.0226  1.4372  1.8527] s
456,[ 1.0328  1.4518  1.87  ] s
457,[ 0.1909  1.0475  1.4738  1.8979] s
458,[ 0.9034  1.3775  1.7946] s
459,[ 0.4035  0.952   1.3684  1.7792] s
460,[ 0.2138  0.7714  1.3236  1.7353] s
461,[ 0.4144  1.0977  1.5142  1.9406] s
462,[ 0.3115  1.0469  1.4827  1.9036] s
463,[ 0.0669  0.7444  1.2588  1.6789] s
464,[ 1.1097  1.5297  1.955 ] s
465,[ 0.1529  0.7912  1.2544  1.6594] s
466,[ 0.3868  1.1546  1.565   1.9935] s
467,[ 0.0831  0.9056  1.349   1.7615] s
468,[ 0.7022  1.2416  1.6497] s
469,[ 0.4255  0.9572  1.3463  1.7488] s
470,[ 0.4423  0.9813  1.4015  1.8186] s
471,[ 0.1797  0.7682  1.2099  1.6079] s
472,[ 0.6307  1.1767  1.5867] s
473,[ 1.1464  1.5671  1.9924] s
474,[ 0.4194  1.0229  1.4163  1.835 ] s
475,[ 0.103   0.901   1.3632  1.7808] s
476,[ 1.028   1.4626  1.8823] s
477,[ 0.5003  1.0181  1.3914  1.7997] s
478,[ 0.2192  0.7843  1.2064  1.6104] s
479,[ 0.69    1.2094  1.6206] s
480,[ 0.2419  0.8986  1.3224  1.7219] s
481,[ 0.6511  1.1715  1.5699  1.9967] s
482,[ 0.8603  1.3312  1.741 ] s
483,[ 0.7652  1.2603  1.6801] s
484,[ 0.5144  1.0087  1.4215  1.8454] s
485,[ 0.2169  0.7782  1.2122  1.6078] s
486,[ 0.3151  1.1462  1.5542  1.9805] s
487,[ 0.2037  0.9335  1.3662  1.7808] s
488,[ 0.6449  1.1489  1.5418  1.9626] s
489,[ 0.82    1.3034  1.7212] s
490,[ 0.7869  1.2482  1.6491] s
491,[ 0.4016  1.008   1.4273  1.8432] s
492,[ 0.7945  1.256   1.6652] s
493,[ 0.3886  0.9918  1.4135  1.8306] s
494,[ 0.1893  0.8409  1.2555  1.6479] s
495,[ 0.3036  1.0866  1.4988  1.9186] s
496,[ 0.3048  0.9656  1.3935  1.8064] s
497,[ 1.1352  1.561   1.9884] s
498,[ 0.2685  0.7983  1.2499  1.6527] s
499,[ 0.3607  0.9512  1.3617  1.7673] s
500,[ 0.5821  1.1554  1.5649  1.994 ] s
501,[ 0.2683  0.7979  1.254   1.6632] s
502,[ 0.9695  1.4213  1.8377] s
503,[ 0.2119  0.9713  1.3725  1.7799] s
504,[ 0.1804  1.1525  1.5699  1.9984] s
505,[ 0.5772  1.1469  1.5491  1.9755] s
506,[ 0.3549  1.1237  1.5467  1.9754] s
507,[ 0.295   0.8806  1.3025  1.7046] s
508,[ 0.3966  1.0877  1.5081  1.9333] s
509,[ 0.9025  1.3677  1.7834] s
510,[ 0.1426  0.8164  1.2443  1.6393] s
511,[ 0.3219  1.1135  1.523   1.9504] s
512,[ 0.4645  1.0443  1.4283  1.841 ] s
513,[ 0.7155  1.2479  1.6498] s
514,[ 1.1709  1.5984] s
515,[ 0.3192  1.1104  1.5251  1.9496] s
516,[ 0.1349  0.7684  1.2226  1.6194] s
517,[ 0.6323  1.1463  1.5491  1.9748] s
518,[ 0.0175  0.549   1.1568  1.5653  1.9915] s
519,[ 0.9319  1.3725  1.7887] s
520,[ 0.133   0.7601  1.2048  1.5972] s
521,[ 0.7626  1.2522  1.6578] s
522,[ 0.3387  1.0307  1.4316  1.8436] s
523,[ 0.4399  0.9294  1.3357  1.735 ] s
524,[ 0.2384  0.8734  1.3216  1.7235] s
525,[ 0.6113  1.1745  1.5801] s
526,[ 0.5509  1.1054  1.5015  1.9212] s
527,[ 0.26    0.8722  1.2917  1.6981] s
528,[ 0.5169  1.0986  1.503   1.9253] s
529,[ 0.1189  0.7298  1.236   1.6452] s
530,[ 0.406   1.0246  1.4314  1.8493] s
531,[ 0.4584  1.1216  1.547   1.9753] s
532,[ 0.3806  0.9504  1.361   1.7752] s
533,[ 1.2292  1.6681] s
534,[ 0.7174  1.2208  1.6235] s
535,[ 1.0167  1.47    1.8903] s
536,[ 1.1973  1.6285] s
537,[ 0.6792  1.188   1.5899] s
538,[ 0.0983  0.9143  1.3498  1.7594] s
539,[ 0.1431  0.678   1.1918  1.6128] s
540,[ 0.4818  1.1751  1.5976] s
541,[ 0.3845  0.9663  1.3865  1.802 ] s
542,[ 0.2734  0.9675  1.4073  1.8246] s
543,[ 0.1463  1.0153  1.4619  1.8842] s
544,[ 0.2877  1.1707  1.584 ] s
545,[ 0.1582  0.7742  1.2369  1.6357] s
546,[ 0.7106  1.2472  1.6507] s
547,[ 0.2403  1.0482  1.4695  1.8895] s
548,[ 0.6395  1.1993  1.624 ] s
549,[ 0.0366  0.7162  1.1804  1.5685  1.9908] s
550,[ 0.3602  0.9654  1.4079  1.8285] s
551,[ 0.6718  1.2042  1.6148] s
552,[ 0.6542  1.152   1.55    1.9742] s
553,[ 0.4084  0.9961  1.4051  1.8197] s
554,[ 0.737   1.2222  1.6286] s
555,[ 0.4743  1.1363  1.531   1.9529] s
556,[ 0.7747  1.2503  1.652 ] s
557,[ 0.6389  1.1451  1.5301  1.9474] s
558,[ 0.3954  0.9268  1.3429  1.7551] s
559,[ 0.5354  1.0453  1.451   1.8676] s
560,[ 0.4143  0.9855  1.4     1.8107] s
561,[ 0.0748  0.6115  1.077   1.469   1.8837] s
562,[ 0.9028  1.3646  1.777 ] s
563,[ 0.8321  1.2756  1.6781] s
564,[ 0.3172  0.8898  1.3409  1.748 ] s
565,[ 0.1295  0.8527  1.282   1.6807] s
566,[ 0.0643  0.847   1.3152  1.7241] s
567,[ 0.259   0.874   1.3251  1.7317] s
568,[ 0.4345  1.0854  1.4849  1.904 ] s
569,[ 0.02    0.6966  1.2355  1.6491] s
570,[ 0.2944  0.8822  1.2777  1.6712] s
571,[ 0.3075  0.8321  1.278   1.6865] s
572,[ 0.0466  0.9812  1.4314  1.8566] s
573,[ 0.0261  0.8119  1.2653  1.6734] s
574,[ 0.9604  1.3924  1.8082] s
575,[ 0.5486  1.0883  1.4856  1.9061] s
576,[ 0.396   1.1186  1.5232  1.9439] s
577,[ 0.3753  1.0863  1.5052  1.9297] s
578,[ 0.3564  0.8531  1.2867  1.6913] s
579,[ 0.0381  1.1476  1.548   1.9673] s
580,[ 0.0157  0.7662  1.2551  1.6583] s
581,[ 0.3548  0.9477  1.3607  1.7653] s
582,[ 0.9224  1.361   1.7669] s
583,[ 0.774   1.2881  1.7007] s
584,[ 0.0345  0.7868  1.3207  1.7381] s
585,[ 0.6878  1.2142  1.6213] s
586,[ 0.0287  0.6945  1.1943  1.5919] s
587,[ 0.5413  1.184   1.6022] s
588,[ 0.1503  0.872   1.3083  1.7103] s
589,[ 0.5632  1.1191  1.5129  1.936 ] s
590,[ 0.3905  0.929   1.3181  1.7137] s
591,[ 0.3418  0.9587  1.396   1.8095] s
592,[ 0.8483  1.2942  1.7018] s
593,[ 0.1261  0.649   1.127   1.5243  1.9499] s
594,[ 0.8987  1.3542  1.7652] s
595,[ 0.288   0.8434  1.2215  1.5983] s
596,[ 1.0371  1.4649  1.8824] s
597,[ 0.3361  0.9125  1.3462  1.7565] s
598,[ 0.2122  0.7835  1.1971  1.586 ] s
599,[ 0.3408  0.8882  1.3042  1.711 ] s
600,[ 0.2989  0.9287  1.3558  1.7759] s
601,[ 0.6888  1.2086  1.6127] s
602,[ 0.5186  1.1035  1.502   1.9218] s
603,[ 0.4715  1.117   1.5199  1.9462] s
604,[ 0.3386  0.9917  1.4163  1.8326] s
605,[ 0.1453  0.8083  1.3003  1.7192] s
606,[ 0.3855  1.0188  1.4247  1.8385] s
607,[ 0.123   1.1333  1.5591  1.9871] s
608,[ 1.1773  1.6108] s
609,[ 0.4882  1.0067  1.3955  1.8082] s
610,[ 0.14    0.779   1.2297  1.6245] s
611,[ 1.2317  1.6651] s
612,[ 0.1118  0.8809  1.306   1.7137] s
613,[ 0.3717  1.0426  1.4664  1.8811] s
614,[ 0.8647  1.3464  1.7576] s
615,[ 0.059   0.8309  1.3072  1.716 ] s
616,[ 0.4132  1.0444  1.4693  1.8922] s
617,[ 1.0248  1.4346  1.8463] s
618,[ 0.4716  1.0783  1.493   1.9179] s
619,[ 0.4324  1.0853  1.5067  1.9321] s
620,[ 0.6986  1.2059  1.6121] s
621,[ 0.3148  1.0324  1.4477  1.8625] s
622,[ 0.5845  1.2046  1.6161] s
623,[ 0.1795  0.698   1.1795  1.5947] s
624,[ 0.705   1.2538  1.6682] s
625,[ 0.6712  1.1711  1.5655  1.9859] s
626,[ 0.6485  1.175   1.5838] s
627,[ 0.3919  0.9582  1.3799  1.7985] s
628,[ 0.7466  1.2589  1.6728] s
629,[ 0.612   1.1029  1.5012  1.9254] s
630,[ 1.0743  1.51    1.9338] s
631,[ 0.6957  1.2063  1.6115] s
632,[ 0.1286  1.0355  1.4706  1.889 ] s
633,[ 0.3018  0.8496  1.2602  1.6636] s
634,[ 0.8276  1.2998  1.7027] s
635,[ 0.4471  1.0803  1.4961  1.9199] s
636,[ 1.1029  1.5183  1.9393] s
637,[ 0.4269  0.9661  1.3537  1.7542] s
638,[ 0.6116  1.1522  1.5559  1.9819] s
639,[ 0.1229  1.1422  1.574 ] s
640,[ 0.5797  1.1952  1.6178] s
641,[ 0.2568  0.8249  1.2619  1.6851] s
642,[ 0.018   0.6516  1.1441  1.5431  1.9679] s
643,[ 0.4692  1.1053  1.5361  1.965 ] s
644,[ 0.3114  0.9577  1.3966  1.8126] s
645,[ 0.0177  1.0152  1.4384  1.854 ] s
646,[ 0.7593  1.2311  1.6288] s
647,[ 0.3606  1.0212  1.45    1.8701] s
648,[ 0.3933  0.9343  1.3406  1.7486] s
649,[ 0.2068  0.9666  1.4001  1.8198] s
650,[ 0.6932  1.2095  1.6167] s
651,[ 0.1495  1.0554  1.4649  1.8808] s
652,[ 0.6422  1.2279  1.6521] s
653,[ 0.2904  0.9179  1.357   1.7673] s
654,[ 0.6557  1.2819  1.6968] s
655,[ 0.1615  0.9028  1.3307  1.7431] s
656,[ 0.4744  1.0409  1.432   1.8421] s
657,[ 0.5733  1.1381  1.5297  1.9487] s
658,[ 0.0111  0.9107  1.3579  1.7647] s
659,[ 0.222   0.9168  1.3773  1.8059] s
660,[ 0.6394  1.1672  1.5768] s
661,[ 0.2424  0.9827  1.4457  1.8635] s
662,[ 0.3669  0.9819  1.3896  1.8021] s
663,[ 0.0904  1.0372  1.4636  1.8797] s
664,[ 0.5125  1.187   1.6036] s
665,[ 0.2913  0.8512  1.256   1.6459] s
666,[ 0.2223  0.7667  1.207   1.6138] s
667,[ 0.1326  0.8259  1.2897  1.6935] s
668,[ 0.3722  1.1418  1.5548  1.9815] s
669,[ 0.1001  0.6509  1.1287  1.5145  1.9336] s
670,[ 0.2263  0.9262  1.372   1.7852] s
671,[ 0.8184  1.2761  1.6731] s
672,[ 0.1104  0.6543  1.1085  1.4993  1.914 ] s
673,[ 0.8942  1.4149  1.8415] s
674,[ 0.2686  0.9023  1.3428  1.7547] s
675,[ 0.1448  0.7647  1.219   1.6202] s
676,[ 0.0968  0.7502  1.2336  1.6392] s
677,[ 0.1493  0.9376  1.3943  1.8252] s
678,[ 0.3954  1.1664  1.6038] s
679,[ 0.0721  0.7431  1.2004  1.6046] s
680,[ 0.2377  0.8909  1.3075  1.711 ] s
681,[ 0.4956  1.0532  1.4657  1.8859] s
682,[ 0.5961  1.115   1.5068  1.9256] s
683,[ 0.2105  0.8845  1.3383  1.7469] s
684,[ 0.0697  0.7921  1.2609  1.6694] s
685,[ 0.4469  1.0379  1.4391  1.853 ] s
686,[ 0.1503  0.8476  1.2906  1.6872] s
687,[ 0.5615  1.1674  1.5688  1.9945] s
688,[ 0.3329  0.9683  1.3704  1.7733] s
689,[ 0.7053  1.2026  1.6091] s
690,[ 0.0327  0.937   1.368   1.7821] s
691,[ 0.0359  1.0322  1.4564  1.8752] s
692,[ 0.2918  1.0266  1.4788  1.9087] s
693,[ 0.0279  1.0438  1.4814  1.9014] s
694,[ 0.9668  1.4612  1.8875] s
695,[ 0.3779  1.043   1.4419  1.8543] s
696,[ 0.8173  1.2819  1.6879] s
697,[ 0.8224  1.3313  1.7452] s
698,[ 0.2391  0.8188  1.2428  1.6422] s
699,[ 0.2155  1.0238  1.4058  1.8084] s
700,[ 0.7463  1.2568  1.6711] s
701,[ 0.4502  1.0482  1.4549  1.8702] s
702,[ 0.4564  1.1285  1.5506  1.9792] s
703,[ 0.5268  1.1612  1.5695  1.9963] s
704,[ 0.6718  1.1781  1.5763] s
705,[ 0.9596  1.4196  1.8422] s
706,[ 0.1722  0.7729  1.2387  1.6437] s
707,[ 0.0359  0.749   1.2077  1.6018] s
708,[ 0.3585  1.0157  1.4596  1.8814] s
709,[ 0.3593  0.8888  1.2974  1.6961] s
710,[ 0.5443  1.0234  1.405   1.8155] s
711,[ 0.8787  1.3505  1.7674] s
712,[ 0.6535  1.1894  1.5952] s
713,[ 0.4036  1.017   1.4494  1.8761] s
714,[ 0.684   1.2132  1.6319] s
715,[ 0.1025  0.7443  1.2257  1.6393] s
716,[ 0.8923  1.3779  1.801 ] s
717,[ 1.1922  1.6211] s
718,[ 0.4916  1.0528  1.4578  1.8774] s
719,[ 0.2945  1.154   1.5807] s
720,[ 0.4502  1.0981  1.5148  1.94  ] s
721,[ 0.6489  1.1993  1.6072] s
722,[ 0.7077  1.1954  1.5939] s
723,[ 0.6282  1.1475  1.5364  1.9587] s
724,[ 0.1328  0.749   1.2313  1.6364] s
725,[ 0.3615  1.0255  1.4577  1.8772] s
726,[ 0.1216  1.2373  1.6564] s
727,[ 0.9059  1.3601  1.7713] s
728,[ 0.0689  0.7361  1.2286  1.6312] s
729,[ 0.5697  1.2244  1.6511] s
730,[ 0.6784  1.2011  1.6045] s
731,[ 0.1022  0.9774  1.4109  1.8246] s
732,[ 0.6533  1.1886  1.5885] s
733,[ 0.9291  1.3636  1.7712] s
734,[ 0.4252  1.1937  1.6197] s
735,[ 0.3675  0.9459  1.3921  1.8177] s
736,[ 0.473   1.1567  1.5758] s
737,[ 0.6728  1.2113  1.6091] s
738,[ 1.1559  1.6068] s
739,[ 0.3069  0.8313  1.2528  1.6506] s
740,[ 0.3858  0.9498  1.3763  1.7892] s
741,[ 0.4454  1.1129  1.5142  1.9338] s
742,[ 0.0919  0.8466  1.3631  1.7854] s
743,[ 0.6643  1.1568  1.5431  1.9642] s
744,[ 0.6721  1.2     1.6152] s
745,[ 0.0521  0.899   1.3565  1.7674] s
746,[ 1.0321  1.4544  1.8715] s
747,[ 0.4278  1.0209  1.4308  1.8492] s
748,[ 0.4411  1.0901  1.507   1.9296] s
749,[ 0.0379  0.9802  1.4068  1.8227] s
750,[ 0.2245  0.8327  1.2906  1.6945] s
751,[ 0.1485  0.8084  1.2569  1.6627] s
752,[ 0.3364  1.1148  1.5361  1.9614] s
753,[ 0.0678  0.9623  1.388   1.8033] s
754,[ 0.3039  1.0083  1.4535  1.877 ] s
755,[ 0.7323  1.2603  1.6765] s
756,[ 0.5862  1.0772  1.4554  1.8627] s
757,[ 0.4678  1.1203  1.5202  1.9424] s
758,[ 0.5021  1.0474  1.4526  1.8733] s
759,[ 0.2246  1.0453  1.4902  1.9186] s
760,[ 0.3837  0.9596  1.3771  1.7891] s
761,[ 0.3599  0.8444  1.2667  1.6682] s
762,[ 0.505   1.132   1.5222  1.9444] s
763,[ 0.0708  1.1204  1.5329  1.9578] s
764,[ 0.3475  0.8654  1.2463  1.6267] s
765,[ 0.3668  1.1284  1.5498  1.9785] s
766,[ 0.0491  0.9124  1.3637  1.7757] s
767,[ 0.0472  0.7466  1.2434  1.6572] s
768,[ 0.7499  1.2344  1.6415] s
769,[ 0.0089  0.7106  1.2018  1.6119] s
770,[ 0.221   0.8546  1.2735  1.6734] s
771,[ 0.2652  0.8944  1.3074  1.7139] s
772,[ 0.1842  0.8588  1.3142  1.7197] s
773,[ 0.5637  1.1485  1.5595  1.988 ] s
774,[ 0.3952  0.9933  1.3917  1.8046] s
775,[ 0.5658  1.1567  1.5727] s
776,[ 0.5718  1.1687  1.572   1.9976] s
777,[ 0.335   0.9855  1.4237  1.8392] s
778,[ 0.1832  0.824   1.2331  1.6252] s
779,[ 0.2651  0.936   1.3847  1.8022] s
780,[ 0.6072  1.153   1.561   1.9899] s
781,[ 0.4508  1.1486  1.5819] s
782,[ 1.0329  1.4914  1.9155] s
783,[ 0.6692  1.1919  1.61  ] s
784,[ 0.5851  1.1305  1.5318  1.9545] s
785,[ 0.6895  1.2491  1.6786] s
786,[ 0.4564  1.0269  1.4058  1.8133] s
787,[ 0.1809  0.9631  1.4003  1.8232] s
788,[ 1.2132  1.6392] s
789,[ 0.2221  0.8781  1.3329  1.7547] s
790,[ 0.7408  1.2568  1.6744] s
791,[ 0.378   1.0797  1.488   1.9103] s
792,[ 0.2237  1.0065  1.4471  1.8666] s
793,[ 0.2512  0.9037  1.3496  1.7687] s
794,[ 0.8317  1.2989  1.6989] s
795,[ 0.2483  1.1661  1.5835] s
796,[ 0.9433  1.415   1.8327] s
797,[ 0.7309  1.2121  1.6196] s
798,[ 0.0064  0.7772  1.2466  1.661 ] s
799,[ 0.9804  1.4285  1.8492] s
800,[ 0.4398  1.0279  1.4121  1.8214] s
801,[ 0.203   0.8528  1.2692  1.6702] s
802,[ 0.1871  0.9938  1.4105  1.8235] s
803,[ 0.7115  1.184   1.578 ] s
804,[ 0.2922  1.0749  1.4993  1.9237] s
805,[ 0.4329  1.0619  1.4617  1.8732] s
806,[ 0.6068  1.1228  1.512   1.9328] s
807,[ 0.4661  1.1342  1.536   1.9582] s
808,[ 0.4769  1.0494  1.4632  1.8844] s
809,[ 1.0081  1.4584  1.8807] s
810,[ 0.6465  1.293   1.7129] s
811,[ 0.3634  0.9869  1.3961  1.8114] s
812,[ 0.6036  1.1718  1.5842] s
813,[ 0.6448  1.1551  1.5524  1.976 ] s
814,[ 0.8737  1.3513  1.7569] s
815,[ 0.7532  1.2677  1.6855] s
816,[ 0.1491  0.8513  1.3222  1.7348] s
817,[ 0.7167  1.2377  1.6569] s
818,[ 0.7884  1.2657  1.6765] s
819,[ 0.6084  1.2471  1.663 ] s
820,[ 0.4511  1.0533  1.4677  1.889 ] s
821,[ 0.2753  0.8498  1.3027  1.7121] s
822,[ 0.391   0.909   1.2995  1.6994] s
823,[ 0.1207  0.6622  1.1819  1.6012] s
824,[ 1.022   1.4828  1.9069] s
825,[ 0.2917  0.9625  1.3867  1.8041] s
826,[ 0.2699  0.8555  1.3449  1.7577] s
827,[ 0.4099  1.0422  1.4348  1.85  ] s
828,[ 0.2709  0.8676  1.289   1.6965] s
829,[ 0.1299  0.8708  1.3515  1.774 ] s
830,[ 0.569   1.1279  1.5308  1.952 ] s
831,[ 0.5058  1.1351  1.5437  1.9682] s
832,[ 0.8378  1.2927  1.6962] s
833,[ 0.131   0.8299  1.3193  1.731 ] s
834,[ 0.3571  0.8717  1.2986  1.7099] s
835,[ 0.6846  1.1736  1.5564  1.979 ] s
836,[ 0.4213  1.2085  1.6256] s
837,[ 0.6772  1.2316  1.6368] s
838,[ 0.4055  0.9631  1.3659  1.7742] s
839,[ 0.9044  1.3718  1.7902] s
840,[ 0.7023  1.2458  1.6644] s
841,[ 0.2816  0.8821  1.309   1.7075] s
842,[ 0.6923  1.1936  1.591 ] s
843,[ 0.75    1.2509  1.6712] s
844,[ 1.01    1.4475  1.8656] s
845,[ 0.6236  1.1323  1.5215  1.94  ] s
846,[ 0.5571  1.1023  1.4959  1.9146] s
847,[ 0.3704  0.9833  1.3818  1.7918] s
848,[ 0.6511  1.2234  1.6368] s
849,[ 1.0922  1.5229  1.9512] s
850,[ 0.4983  1.1262  1.5285  1.9495] s
851,[ 0.3892  0.9832  1.3805  1.7874] s
852,[ 0.4368  1.1986  1.6256] s
853,[ 0.3236  0.8619  1.2688  1.6651] s
854,[ 0.5767  1.2035  1.6132] s
855,[ 0.5017  1.0501  1.4465  1.8642] s
856,[ 0.1944  0.8974  1.3448  1.7573] s
857,[ 0.5097  1.1029  1.5122  1.938 ] s
858,[ 1.1435  1.5624  1.9922] s
859,[ 0.3621  1.0172  1.4609  1.8797] s
860,[ 0.0602  0.728   1.1886  1.576   1.9992] s
861,[ 1.1666  1.6153] s
862,[ 0.1806  0.7888  1.2359  1.6414] s
863,[ 0.1727  0.874   1.3616  1.783 ] s
864,[ 0.1979  0.7398  1.2066  1.6104] s
865,[ 0.3437  1.0289  1.4421  1.8606] s
