0.1215,0.5597,0.9979,1.4361,1.8744
0.2342,0.6724,1.1106,1.5488,1.9871
0.196,0.6342,1.0724,1.5106,1.9489
0.0245,0.4627,0.9009,1.3391,1.7773
0.0529,0.4911,0.9293,1.3675,1.8058
0.0165,0.4547,0.8929,1.3311,1.7694
0.3287,0.7669,1.2051,1.6434
0.0313,0.4695,0.9077,1.3459,1.7842
0.1513,0.5895,1.0277,1.466,1.9042
0.3077,0.7459,1.1841,1.6224
0.2677,0.7059,1.1441,1.5824
0.3242,0.7624,1.2006,1.6389
0.2948,0.733,1.1712,1.6094
0.0067,0.445,0.8832,1.3214,1.7597
0.3537,0.7919,1.2301,1.6683
0.039,0.4772,0.9154,1.3536,1.7919
0.3447,0.7829,1.2211,1.6594
0.0087,0.447,0.8852,1.3235,1.7618
0.2349,0.6731,1.1113,1.5495,1.9878
0.1325,0.5707,1.0089,1.4472,1.8854
0.1169,0.5551,0.9933,1.4315,1.8697
0.1324,0.5706,1.0088,1.4471,1.8853
0.1218,0.56,0.9982,1.4364,1.8747,1.8747
0.3011,0.7393,1.1775,1.6157
0.09,0.5283,0.9665,1.4047,1.8429,1.8429
0.2551,0.6933,1.1315,1.5697
0.0186,0.4569,0.8951,1.3333,1.7716
0.0996,0.5378,0.976,1.4142,1.8525
0.2613,0.6995,1.1377,1.576
0.3262,0.7644,1.2026,1.6409
0.1833,0.6215,1.0597,1.498,1.9362
0.1006,0.5388,0.977,1.4152,1.8534
0.3334,0.7716,1.2098,1.648
0.2787,0.7169,1.1551,1.5933
0.0465,0.4847,0.9229,1.3611,1.7993
0.3611,0.7993,1.2375,1.6757
0.2862,0.7244,1.1626,1.6009
0.1045,0.5427,0.9809,1.4191,1.8573
0.1584,0.5966,1.0348,1.473,1.9113
0.1013,0.5395,0.9777,1.4159,1.8542
0.3175,0.7557,1.1939,1.6321
0.1933,0.6315,1.0697,1.508,1.9462
0.2241,0.6623,1.1005,1.5387,1.977
0.2079,0.6461,1.0843,1.5225,1.9607
0.228,0.6662,1.1044,1.5426,1.9808
0.2559,0.6941,1.1323,1.5706
0.1258,0.564,1.0022,1.4404,1.8787
0.0779,0.5161,0.9543,1.3925,1.8308
0.3658,0.804,1.2422,1.6804
0.3432,0.7814,1.2196,1.6578
0.2472,0.6854,1.1236,1.5619
0.0232,0.4614,0.8996,1.3378,1.7761
0.0194,0.4576,0.8958,1.334,1.7723
0.1153,0.5535,0.9917,1.4299,1.8682
0.1211,0.5593,0.9975,1.4357,1.8739
0.0269,0.4651,0.9033,1.3415,1.7798
0.301,0.7392,1.1774,1.6156
0.1477,0.5859,1.0241,1.4623,1.9006
0.2742,0.7124,1.1506,1.5889
0.1071,0.5453,0.9835,1.4217,1.8599
0.2396,0.6778,1.116,1.5543,1.9925
0.0913,0.5295,0.9677,1.4059,1.8442
0.2712,0.7094,1.1476,1.5858
0.2265,0.6647,1.1029,1.5411,1.9794
0.1993,0.6375,1.0757,1.514,1.9522
0.3661,0.8043,1.2425,1.6808
0.2579,0.6961,1.1343,1.5726
0.3383,0.7765,1.2147,1.653
0.2554,0.6936,1.1318,1.5701
0.2381,0.6763,1.1145,1.5527,1.9909
0.1957,0.6339,1.0721,1.5104,1.9486
0.1764,0.6146,1.0528,1.491,1.9293
0.233,0.6712,1.1094,1.5477,1.986
0.2844,0.7226,1.1608,1.599
0.0827,0.5209,0.9591,1.3973,1.8355
0.1181,0.5563,0.9945,1.4327,1.871
0.3397,0.7779,1.2161,1.6543
0.141,0.5792,1.0174,1.4557,1.8939
0.2378,0.676,1.1142,1.5525,1.9907
0.322,0.7602,1.1984,1.6367
0.1623,0.6005,1.0387,1.4769,1.9152
0.1564,0.5946,1.0328,1.471,1.9093
0.3051,0.7433,1.1815,1.6197
0.025,0.4632,0.9014,1.3396,1.7779
0.2845,0.7227,1.1609,1.5991
0.2698,0.708,1.1462,1.5845
0.2168,0.655,1.0932,1.5314,1.9697
0.2388,0.677,1.1152,1.5534,1.9917
0.0221,0.4603,0.8985,1.3367,1.7749
0.2415,0.6797,1.1179,1.5562,1.9944
0.2346,0.6728,1.111,1.5492,1.9875
0.2206,0.6588,1.097,1.5352,1.9735
0.2231,0.6613,1.0995,1.5378,1.976
0.2798,0.718,1.1562,1.5945
0.352,0.7902,1.2284,1.6667
440.4,878.6,1316.8,1755.0,878.6,1316.8,1755.0
0.3085,0.7467,1.1849,1.6232
0.3379,0.7761,1.2143,1.6526
0.1395,0.5777,1.0159,1.4541,1.8924
0.1076,0.5458,0.984,1.4222,1.8605
0.0329,0.4711,0.9093,1.3475,1.7858
0.2506,0.6888,1.127,1.5652
0.3068,0.745,1.1832,1.6214
0.1583,0.5965,1.0347,1.4729,1.9112
0.3064,0.7446,1.1828,1.6211
0.247,0.6853,1.1235,1.5617
0.1233,0.5615,0.9997,1.4379,1.8762
0.0235,0.4617,0.8999,1.3381,1.7764
0.2886,0.7268,1.165,1.6032
0.0339,0.4721,0.9103,1.3485,1.7867
0.2402,0.6785,1.1167,1.5549,1.9932
0.2486,0.6868,1.125,1.5632
0.1632,0.6014,1.0396,1.4779,1.9161
0.066,0.5042,0.9424,1.3806,1.8188
0.0141,0.4524,0.8906,1.3288,1.767
0.3107,0.7489,1.1871,1.6253
0.2834,0.7217,1.1599,1.5982
441.7,879.9,1318.1,1756.3,879.9,1318.1,1756.3
0.281,0.7192,1.1574,1.5956
0.089,0.5272,0.9654,1.4036,1.8418
0.3625,0.8008,1.239,1.6773
0.095,0.5332,0.9714,1.4096,1.8478
0.3225,0.7607,1.1989,1.6372
441.4,879.6,1317.8,1756.1,879.6,1317.8,1756.1
0.3212,0.7594,1.1976,1.6358
0.1726,0.6108,1.049,1.4873,1.9255
0.3082,0.7464,1.1846,1.6229
0.3336,0.7718,1.21,1.6482,1.6482
0.2153,0.6535,1.0917,1.53,1.9682,1.9682
0.2479,0.6861,1.1243,1.5626
0.2008,0.639,1.0772,1.5155,1.9537
0.2288,0.667,1.1052,1.5434,1.9817
0.2378,0.676,1.1142,1.5525,1.9907
0.2835,0.7217,1.1599,1.5982
0.3604,0.7986,1.2368,1.6751
0.1596,0.5978,1.036,1.4742,1.9125
0.2189,0.6571,1.0953,1.5336,1.9719
0.3071,0.7453,1.1835,1.6217
0.3016,0.7398,1.178,1.6163
0.2258,0.664,1.1022,1.5405,1.9787
0.0296,0.4678,0.906,1.3442,1.7824
0.2259,0.6641,1.1023,1.5406,1.9788
0.0393,0.4775,0.9157,1.3539,1.7922
0.0948,0.533,0.9712,1.4094,1.8476
0.2817,0.7199,1.1581,1.5964
0.0523,0.4905,0.9287,1.3669,1.8051
0.2601,0.6983,1.1365,1.5748
0.135,0.5732,1.0114,1.4497,1.8879
0.2606,0.6988,1.137,1.5752
0.0742,0.5124,0.9506,1.3888,1.827
0.3,0.7382,1.1764,1.6147,1.6147
0.2477,0.6859,1.1241,1.5624
0.2058,0.644,1.0822,1.5204,1.9586
0.1414,0.5796,1.0178,1.456,1.8942
0.2621,0.7003,1.1385,1.5768
0.158,0.5962,1.0344,1.4726,1.9109
0.0813,0.5195,0.9577,1.3959,1.8342
0.2805,0.7187,1.1569,1.5951
0.3126,0.7508,1.189,1.6273
0.3118,0.75,1.1882,1.6265,1.6265
0.1969,0.6351,1.0733,1.5116,1.9498
0.3442,0.7824,1.2206,1.6589
0.2572,0.6955,1.1337,1.572
0.3177,0.7559,1.1941,1.6324
0.193,0.6312,1.0694,1.5077,1.9459
0.2762,0.7144,1.1526,1.5909
0.0322,0.4704,0.9086,1.3468,1.785
0.2449,0.6831,1.1213,1.5595,1.9978
0.3418,0.78,1.2182,1.6564,1.6564
0.2877,0.7259,1.1641,1.6024
0.3539,0.7921,1.2303,1.6685
0.1562,0.5944,1.0326,1.4708,1.9091
0.3584,0.7966,1.2348,1.6731
0.0759,0.5141,0.9523,1.3905,1.8288
0.2704,0.7086,1.1468,1.585
0.2737,0.7119,1.1501,1.5884
0.3011,0.7393,1.1775,1.6157
0.1571,0.5953,1.0335,1.4718,1.91,
0.0784,0.5166,0.9548,1.393,1.8312
0.2039,0.6421,1.0803,1.5185,1.9568
0.1926,0.6308,1.069,1.5072,1.9455
0.2132,0.6514,1.0896,1.5279,1.9661
0.3604,0.7986,1.2368,1.6751
0.3032,0.7414,1.1796,1.6178
0.3365,0.7747,1.2129,1.6512
0.0282,0.4665,0.9047,1.3429,1.7811
0.2376,0.6758,1.114,1.5523,1.9905
0.0559,0.4941,0.9323,1.3705,1.8087
0.0565,0.4947,0.9329,1.3711,1.8093
0.0869,0.5251,0.9633,1.4015,1.8397
0.353,0.7912,1.2294,1.6676
0.3268,0.765,1.2032,1.6414
1.6,439.8,878.0,1316.2,1754.4,1754.4
0.0276,0.4659,0.9041,1.3423,1.7805
0.1631,0.6013,1.0395,1.4778,1.916
0.2225,0.6607,1.0989,1.5371,1.9754
0.2205,0.6587,1.0969,1.5351,1.9734
0.3193,0.7575,1.1957,1.6339
0.3225,0.7607,1.1989,1.6372
0.2649,0.7031,1.1413,1.5795
0.1437,0.5819,1.0201,1.4583,1.8966
0.2254,0.6636,1.1018,1.5401,1.9783
0.0885,0.5267,0.9649,1.4031,1.8413
0.1739,0.6121,1.0503,1.4885,1.9268
0.362,0.8002,1.2384,1.6767
0.3224,0.7606,1.1988,1.6371
0.177,0.6152,1.0534,1.4917,1.9299
0.2236,0.6618,1.5383,1.9765,1.5383,1.9765
0.071,0.5092,0.9474,1.3856,1.8239
0.0825,0.5207,0.9589,1.3971,1.8353
0.2586,0.6968,1.135,1.5732
0.3523,0.7905,1.2287,1.667
0.2483,0.6865,1.1247,1.5629
0.1944,0.6326,1.0708,1.509,1.9473
0.3116,0.7498,1.188,1.6263
0.1297,0.5679,1.0061,1.4443,1.8826
0.1743,0.6125,1.0507,1.4889,1.9272
0.2341,0.6723,1.1105,1.5487,1.9869
0.2539,0.6921,1.1303,1.5686
0.109,0.5472,0.9854,1.4236,1.8618
0.0348,0.4731,0.9113,1.3495,1.7878
0.3151,0.7533,1.1915,1.6297
0.2673,0.7055,1.1437,1.582
0.3446,0.7828,1.221,1.6593
0.265,0.7032,1.1414,1.5796
0.3576,0.7958,1.234,1.6722
0.346,0.7842,1.2224,1.6607
0.3473,0.7855,1.2237,1.6619
0.1946,0.6329,1.0711,1.5093,1.9476
0.288,0.7262,1.1644,1.6027
0.0444,0.4826,0.9208,1.359,1.7972
0.2956,0.7338,1.172,1.6103
0.3532,0.7914,1.2296,1.6678
0.0694,0.5076,0.9458,1.384,1.8223
0.2963,0.7345,1.1727,1.611
0.1234,0.5616,0.9998,1.438,1.8763
0.12,0.5582,0.9964,1.4346,1.8729,1.8729
0.1725,0.6107,1.0489,1.4871,1.9254
0.1287,0.5669,1.0051,1.4434,1.8816
0.2929,0.7311,1.1693,1.6075
0.0893,0.5275,0.9657,1.4039,1.8422
0.2101,0.6483,1.0865,1.5247,1.963
0.0512,0.4894,0.9276,1.3658,1.8041
0.2763,0.7145,1.1527,1.591
0.3605,0.7987,1.2369,1.6752
0.1431,0.5813,1.0195,1.4578,1.896
0.2635,0.7017,1.1399,1.5782
0.2531,0.6913,1.1295,1.5677
0.0823,0.5205,0.9587,1.3969,1.8351
0.043,0.4812,0.9194,1.3576,1.7959
0.3629,0.8011,1.2393,1.6776
0.2996,0.7378,1.176,1.6143
0.1811,0.6193,1.0575,1.4958,1.934
0.1269,0.5651,1.0033,1.4416,1.8798
0.201,0.6392,1.0774,1.5157,1.9539
0.1834,0.6216,1.0598,1.4981,1.9363
0.2651,0.7033,1.1415,1.5797
0.3662,0.8044,1.2426,1.6809
0.2532,0.6914,1.1296,1.5679
0.016,0.4542,0.8924,1.3306,1.7688
0.7,439.0,877.2,1315.4,1753.7,1753.7
0.0545,0.4927,0.9309,1.3691,1.8073
0.174,0.6122,1.0504,1.4886,1.9269
0.1641,0.6023,1.0405,1.4787,1.917
0.3093,0.7475,1.1857,1.6239
0.2116,0.6498,1.088,1.5263,1.9645
0.3416,0.7798,1.218,1.6562
0.2921,0.7303,1.1685,1.6068
0.6,438.9,877.1,1315.3,1753.6,1753.6
0.2215,0.6597,1.0979,1.5362,1.9744
0.2221,0.6603,1.0985,1.5367,1.975
0.0717,0.5099,0.9481,1.3863,1.8246
0.3016,0.7398,1.178,1.6163
0.2517,0.6899,1.1281,1.5664
0.3143,0.7525,1.1907,1.629
0.2925,0.7307,1.1689,1.6071
0.3111,0.7493,1.1875,1.6257
0.3281,0.7663,1.2046,1.6429
0.2964,0.7346,1.1728,1.6111
0.2723,0.7105,1.1487,1.587
0.1553,0.5935,1.0317,1.47,1.9082,1.9082
0.3163,0.7545,1.1927,1.631
0.1863,0.6245,1.0627,1.5009,1.9392
0.3303,0.7685,1.2067,1.645
0.2785,0.7167,1.1549,1.5931
0.3031,0.7413,1.1795,1.6177
0.2509,0.6891,1.1273,1.5655
0.0649,0.5031,0.9413,1.3795,1.8178
0.2755,0.7137,1.1519,1.5902
0.3498,0.788,1.2262,1.6644
0.1725,0.6107,1.0489,1.4871,1.9254
0.2961,0.7343,1.1725,1.6108
0.3262,0.7644,1.2026,1.6409
0.2722,0.7104,1.1486,1.5869
0.0682,0.5064,0.9446,1.3828,1.821
0.2703,0.7086,1.1468,1.585
0.2295,0.6677,1.1059,1.5442,1.9824
0.2715,0.7097,1.1479,1.5862
0.3328,0.771,1.2092,1.6474
0.2085,0.6467,1.0849,1.5231,1.9614
0.2787,0.7169,1.1551,1.5933
0.2126,0.6508,1.089,1.5272,1.9655
0.1353,0.5735,1.0117,1.4499,1.8881
0.3095,0.7477,1.1859,1.6241
0.3611,0.7993,1.2375,1.6757
0.3319,0.7701,1.2083,1.6466
0.0119,0.4502,0.8884,1.3266,1.7648
0.2026,0.6408,1.079,1.5172,1.9555
0.3322,0.7704,1.2086,1.6469
0.1052,0.5434,0.9816,1.4198,1.8581
0.1508,0.589,1.0272,1.4655,1.9037
0.2072,0.6455,1.0837,1.522,1.9602
0.2038,0.642,1.0802,1.5184,1.9566
0.2015,0.6397,1.0779,1.5162,1.9544
0.2194,0.6576,1.0958,1.5341,1.9723
0.1088,0.547,0.9852,1.4234,1.8616
0.3146,0.7528,1.191,1.6293
0.0225,0.4608,0.899,1.3372,1.7755
0.1499,0.5881,1.0263,1.4645,1.9028
0.3121,0.7503,1.1885,1.6268
0.0817,0.5199,0.9581,1.3963,1.8346
0.2592,0.6974,1.1356,1.5739
0.1196,0.5579,0.9961,1.4343,1.8726
0.0129,0.4511,0.8893,1.3275,1.7658
0.1331,0.5713,1.0095,1.4478,1.886
0.2977,0.7359,1.1741,1.6124
0.1432,0.5814,1.0196,1.4579,1.8961
0.2022,0.6404,1.0786,1.5168,1.9551
0.2669,0.7051,1.1433,1.5815
0.2589,0.6971,1.1353,1.5735
0.1053,0.5435,0.9817,1.4199,1.8582
0.3426,0.7808,1.219,1.6573
0.1669,0.6051,1.0433,1.4816,1.9198
0.1519,0.5901,1.0283,1.4665,1.9048
0.0665,0.5047,0.9429,1.3811,1.8193
0.2439,0.6821,1.1203,1.5586,1.9968
0.1646,0.6028,1.041,1.4793,1.9175
0.1421,0.5803,1.0185,1.4567,1.895
0.3079,0.7461,1.1843,1.6226
0.2997,0.7379,1.1761,1.6144
0.1079,0.5461,0.9843,1.4225,1.8608
0.1167,0.555,0.9932,1.4314,1.8696
0.1138,0.5521,0.9903,1.4285,1.8668
0.123,0.5613,0.9995,1.4378,1.876
0.1251,0.5633,1.0015,1.4398,1.878
0.2134,0.6516,1.0898,1.5281,1.9663
0.2881,0.7263,1.1645,1.6028
0.3389,0.7771,1.2153,1.6535
0.1718,0.61,1.0482,1.4864,1.9247,1.9247
0.1078,0.546,0.9842,1.4224,1.8607
0.3493,0.7875,1.2257,1.6639
0.2747,0.7129,1.1512,1.5894
0.1474,0.5856,1.0238,1.462,1.9002
0.3097,0.7479,1.1861,1.6244
0.1331,0.5713,1.0095,1.4478,1.886
0.3391,0.7773,1.2155,1.6537
0.3108,0.749,1.1872,1.6254
0.1368,0.575,1.0132,1.4515,1.8897
0.0368,0.475,0.9132,1.3514,1.7897
0.1214,0.5596,0.9978,1.436,1.8743
0.1273,0.5655,1.0037,1.4419,1.8801
0.0885,0.5267,0.9649,1.4031,1.8413
0.0368,0.475,0.9132,1.3514,1.7897
0.1174,0.5556,0.9938,1.432,1.8703
0.0396,0.4778,0.916,1.3542,1.7925
0.0689,0.5071,0.9453,1.3835,1.8218
0.3411,0.7793,1.2175,1.6557
0.2494,0.6876,1.1258,1.5641
0.323,0.7612,1.1994,1.6376
0.2907,0.7289,1.1671,1.6053
0.2261,0.6643,1.1025,1.5407,1.979
0.3492,0.7874,1.2256,1.6638
0.0898,0.528,0.9662,1.4044,1.8427
0.2592,0.6974,1.1356,1.5739
0.2751,0.7133,1.1515,1.5897
0.1617,0.5999,1.0381,1.4763,1.9146
0.2109,0.6491,1.0873,1.5256,1.9638
0.074,0.5123,0.9505,1.3887,1.8269
0.2639,0.7021,1.1403,1.5786
0.0378,0.476,0.9142,1.3524,1.7906
0.3643,0.8025,1.2407,1.679
0.1454,0.5836,1.0218,1.46,1.8982,1.8982
0.1014,0.5396,0.9778,1.416,1.8543
0.2585,0.6967,1.1349,1.5731
0.1705,0.6087,1.0469,1.4851,1.9234
0.1422,0.5804,1.0186,1.4568,1.8951
0.1649,0.6031,1.0413,1.4796,1.9178
0.3289,0.7671,1.2053,1.6435
0.2139,0.6521,1.0903,1.5285,1.9667
0.1375,0.5757,1.0139,1.4521,1.8904
0.1893,0.6275,1.0657,1.504,1.9422
0.1212,0.5594,0.9976,1.4358,1.874
0.2464,0.6846,1.1228,1.561,1.9993
0.1085,0.5467,0.9849,1.4231,1.8613
0.352,0.7902,1.2284,1.6667
0.1394,0.5776,1.0158,1.454,1.8922
0.3599,0.7981,1.2363,1.6745
0.2738,0.712,1.1502,1.5885
0.3001,0.7383,1.1765,1.6148
0.0777,0.5159,0.9541,1.3923,1.8306
0.0796,0.5178,0.956,1.3942,1.8325
0.2175,0.6557,1.0939,1.5322,1.9704
0.3532,0.7914,1.2296,1.6678
0.2519,0.6901,1.1283,1.5666
0.2683,0.7065,1.1447,1.5829
0.2445,0.6827,1.1209,1.5591,1.9974
0.1735,0.6117,1.0499,1.4882,1.9264
0.1223,0.5605,0.9987,1.4369,1.8751
0.1265,0.5647,1.0029,1.4412,1.8794
0.321,0.7592,1.1974,1.6356
0.2678,0.706,1.1442,1.5825
0.036,0.4742,0.9124,1.3506,1.7888
0.0956,0.5338,0.972,1.4102,1.8485
0.1,0.5382,0.9764,1.4146,1.8529,1.8529
0.3315,0.7697,1.2079,1.6461
0.3173,0.7555,1.1937,1.6319
0.2406,0.6788,1.117,1.5552,1.9935
0.1367,0.5749,1.0131,1.4514,1.8896
0.1421,0.5803,1.0185,1.4567,1.895
0.2919,0.7301,1.1683,1.6066
0.0681,0.5063,0.9445,1.3827,1.8209
0.2764,0.7146,1.1528,1.591
0.2525,0.6907,1.1289,1.5671
0.2641,0.7023,1.1405,1.5788
0.011,0.4493,0.8875,1.3257,1.764
0.3171,0.7553,1.1935,1.6317
0.1607,0.5989,1.0371,1.4754,1.9136
0.2486,0.6868,1.125,1.5632
0.1046,0.5428,0.981,1.4192,1.8574
0.1481,0.5863,1.0245,1.4627,1.901
0.2609,0.6991,1.1373,1.5755
0.2464,0.6846,1.1228,1.561,1.9993
0.0205,0.4587,0.8969,1.3351,1.7733
0.1656,0.6038,1.042,1.4802,1.9184
0.0855,0.5237,0.9619,1.4001,1.8384
0.3062,0.7444,1.1826,1.6209
0.2037,0.6419,1.0801,1.5184,1.9566
0.1485,0.5868,1.025,1.4633,1.9015
0.0162,0.4544,0.8926,1.3308,1.769
0.2461,0.6843,1.1225,1.5608,1.999
0.3529,0.7911,1.2293,1.6676
0.1616,0.5999,1.0381,1.4763,1.9146
0.2047,0.6429,1.0811,1.5193,1.9576
0.1402,0.5784,1.0166,1.4548,1.8931
0.2889,0.7271,1.1653,1.6035
0.2375,0.6757,1.1139,1.5522,1.9904
0.1762,0.6144,1.0526,1.4908,1.9291
0.1233,0.5615,0.9997,1.4379,1.8762
0.163,0.6012,1.0394,1.4777,1.9159
0.2618,1.1382,1.5765,1.1382,1.5765
0.0648,0.503,0.9412,1.3794,1.8176
0.258,0.6962,1.1344,1.5727
0.0639,0.5021,0.9403,1.3785,1.8167
0.013,0.4513,0.8895,1.3277,1.766
0.3467,0.7849,1.2231,1.6614
0.225,0.6632,1.1014,1.5397,1.9779
0.3097,0.7479,1.1861,1.6244
0.0562,0.4944,0.9326,1.3708,1.809
0.1946,0.6329,1.0711,1.5093,1.9476
0.3027,0.7409,1.1791,1.6173
0.1428,0.581,1.0192,1.4575,1.8957
0.2664,0.7046,1.1428,1.581
0.2024,0.6406,1.0788,1.517,1.9553
0.0401,0.4783,0.9165,1.3547,1.7929
0.3205,0.7587,1.1969,1.6352
0.1281,0.5664,1.0046,1.4428,1.8811
0.1177,0.5559,0.9941,1.4323,1.8706
0.0602,0.4984,0.9366,1.3748,1.813
0.1121,0.5503,0.9885,1.4267,1.865
0.1982,0.6364,1.0746,1.5128,1.9511
0.1908,0.629,1.0672,1.5055,1.9437
0.0826,0.5208,0.959,1.3972,1.8354
0.2782,0.7164,1.1546,1.5929
0.2683,0.7065,1.1447,1.5829
0.257,0.6952,1.1334,1.5716
0.0631,0.5013,0.9396,1.3778,1.8161
0.3639,0.8021,1.2403,1.6785
0.3124,0.7506,1.1888,1.6271
0.122,0.5602,0.9984,1.4366,1.8749
0.3502,0.7884,1.2266,1.6649
0.0411,0.4793,0.9175,1.3557,1.794
0.2479,0.6861,1.1243,1.5626
0.194,0.6322,1.0704,1.5086,1.9469
0.307,0.7452,1.1834,1.6216
0.3648,0.803,1.2412,1.6795
0.1187,0.5569,0.9951,1.4333,1.8715
0.1352,0.5734,1.0116,1.4499,1.8881
0.1897,0.6279,1.0661,1.5043,1.9425
0.3617,0.7999,1.2381,1.6763
0.295,0.7332,1.1714,1.6096
0.3267,0.7649,1.2031,1.6414
0.3014,0.7396,1.1778,1.616
0.3595,0.7977,1.2359,1.6741
0.2969,0.7351,1.1733,1.6115
0.0553,0.4935,0.9317,1.3699,1.8082
0.1213,0.5595,0.9977,1.4359,1.8742
0.1403,0.5785,1.0167,1.455,1.8933
0.026,0.4643,0.9025,1.3407,1.7789
0.2232,0.6614,1.0996,1.5379,1.9761
0.2633,0.7015,1.1397,1.578
0.2645,0.7027,1.1409,1.5791
0.1988,0.637,1.0752,1.5135,1.9517
0.1037,0.5419,0.9801,1.4183,1.8566
0.111,0.5492,0.9874,1.4256,1.8638
0.0463,0.4845,0.9227,1.3609,1.7991
0.2366,0.6748,1.113,1.5512,1.9895
0.2769,0.7151,1.1533,1.5915
0.1611,0.5994,1.0376,1.4759,1.9141
0.2938,0.732,1.1702,1.6085
0.3305,0.7687,1.2069,1.6452
0.0446,0.4828,0.921,1.3592,1.7974
0.2067,0.6449,1.0831,1.5213,1.9596
0.299,0.7372,1.1754,1.6136
0.1282,0.5664,1.0046,1.4428,1.8811
0.332,0.7702,1.2084,1.6467
0.1794,0.6176,1.0558,1.4941,1.9323
0.0487,0.4869,0.9251,1.3633,1.8015
0.3022,0.7404,1.1786,1.6169
0.0223,0.4605,0.8987,1.3369,1.7751
0.3641,0.8023,1.2405,1.6788
0.0851,0.5233,0.9615,1.3997,1.838
0.2533,0.6915,1.1297,1.568
0.2306,0.6688,1.107,1.5452,1.9835
0.3105,0.7487,1.1869,1.6252
0.1926,0.6308,1.069,1.5072,1.9455
0.2361,0.6743,1.1125,1.5507,1.9889
0.3098,0.748,1.1862,1.6245
0.1465,0.5847,1.0229,1.4612,1.8994
0.2901,0.7283,1.1665,1.6048
0.0823,0.5205,0.9587,1.3969,1.8351
0.3306,0.7688,1.207,1.6453
0.2624,0.7006,1.1388,1.577
0.2271,0.6654,1.1036,1.5419,1.9801
0.276,0.7142,1.1524,1.5907
0.3662,0.8044,1.2426,1.6809
0.2704,0.7086,1.1468,1.585
0.0938,0.532,0.9702,1.4084,1.8467
0.3167,0.7549,1.1931,1.6313
0.0248,0.4631,0.9013,1.3395,1.7778
0.0541,0.4923,0.9305,1.3687,1.8069
0.2207,0.6589,1.0971,1.5353,1.9736
0.2435,0.6817,1.1199,1.5582,1.9964
0.2135,0.6517,1.0899,1.5282,1.9664
0.0974,0.5356,0.9738,1.412,1.8503
0.1323,0.5705,1.0087,1.447,1.8852
0.1054,0.5436,0.9818,1.42,1.8583,1.8583
0.3385,0.7767,1.2149,1.6532
0.1636,0.6018,1.04,1.4782,1.9165,1.9165
0.1466,0.5848,1.023,1.4613,1.8995
0.019,0.4572,0.8954,1.3336,1.7719
0.2319,0.6701,1.1083,1.5466,1.9848
0.2982,0.7364,1.1746,1.6129
0.2603,0.6985,1.1367,1.5749
0.2808,0.719,1.1572,1.5954
0.3132,0.7514,1.1896,1.6278
0.093,0.5312,0.9694,1.4076,1.8458
0.1905,0.6287,1.0669,1.5051,1.9434
0.2172,0.6554,1.0936,1.5319,1.9701
0.2472,0.6854,1.1236,1.5619
0.2511,0.6893,1.1275,1.5657
0.3366,0.7748,1.213,1.6513
0.072,0.5102,0.9484,1.3866,1.8248
0.3479,0.7861,1.2243,1.6626
0.3122,0.7504,1.1886,1.6269
0.2599,0.6981,1.1363,1.5746
0.0937,0.5319,0.9701,1.4083,1.8466
0.055,0.4932,0.9314,1.3696,1.8079
0.1886,0.6268,1.065,1.5032,1.9415
0.2256,0.6638,1.102,1.5403,1.9785
0.023,0.4612,0.8994,1.3376,1.7759
0.1475,0.5857,1.0239,1.4621,1.9004
0.262,0.7002,1.1384,1.5767
0.0368,0.475,0.9132,1.3514,1.7897
0.0305,0.4688,0.9071,1.3453,1.7836
0.3539,0.7921,1.2303,1.6685
0.3105,0.7487,1.1869,1.6252
0.1142,0.5524,0.9906,1.4288,1.8671
0.1358,0.574,1.0122,1.4504,1.8887
0.3107,0.7489,1.1871,1.6253
0.0244,0.4626,0.9008,1.339,1.7772
0.0186,0.4569,0.8951,1.3333,1.7716
0.2941,0.7323,1.1705,1.6088
0.2707,0.7089,1.1471,1.5853
0.2278,0.666,1.1042,1.5425,1.9807
0.0206,0.4588,0.897,1.3352,1.7735
0.2757,0.7139,1.1521,1.5904
0.0233,0.4615,0.8997,1.3379,1.7762
0.0627,0.5009,0.9391,1.3773,1.8155
0.1509,0.5891,1.0273,1.4656,1.9038
0.2634,0.7016,1.1398,1.5781
0.2543,0.6925,1.1307,1.5689
0.1654,0.6036,1.0418,1.4801,1.9183
0.1379,0.5761,1.0143,1.4525,1.8908
0.0363,0.4745,0.9127,1.3509,1.7891
0.3281,0.7663,1.2046,1.6429
0.1357,0.5739,1.0121,1.4503,1.8886
0.3279,0.7661,1.2043,1.6426
0.2787,0.7169,1.1551,1.5933
0.2171,0.6553,1.0935,1.5318,1.97,
0.232,0.6702,1.1084,1.5466,1.9848
0.1823,0.6205,1.0587,1.4969,1.9352
0.2185,0.6567,1.0949,1.5331,1.9714
0.2871,0.7253,1.1635,1.6017
0.2131,0.6513,1.0895,1.5278,1.966
0.2179,0.6561,1.0943,1.5325,1.9707
0.0467,0.485,0.9232,1.3614,1.7997
0.2294,0.6676,1.1058,1.5441,1.9823
0.023,0.4612,0.8994,1.3376,1.7759
0.2493,0.6875,1.1257,1.564
0.2047,0.6429,1.0811,1.5193,1.9576
0.0845,0.5227,0.9609,1.3991,1.8373
0.1543,0.5926,1.0308,1.469,1.9073
0.0391,0.4773,0.9155,1.3537,1.792
0.3148,0.753,1.1912,1.6294
0.3133,0.7515,1.1897,1.6279
0.0342,0.4724,0.9106,1.3488,1.787
0.3319,0.7701,1.2083,1.6466
0.2735,0.7117,1.1499,1.5882
0.2791,0.7173,1.1555,1.5937
0.2592,0.6974,1.1356,1.5739
0.2505,0.6887,1.1269,1.5651
0.1961,0.6343,1.0725,1.5107,1.949
0.1651,0.6033,1.0415,1.4798,1.918
0.1486,0.5868,1.025,1.4633,1.9015
0.3003,0.7385,1.1767,1.615
0.3304,0.7686,1.2068,1.6451
0.2004,0.6386,1.0768,1.515,1.9533
0.298,0.7362,1.1744,1.6127
0.2523,0.6905,1.1287,1.5669
0.355,0.7932,1.2314,1.6696
0.3441,0.7823,1.2205,1.6588
0.2295,0.6677,1.1059,1.5442,1.9824
0.0709,0.5091,0.9473,1.3855,1.8238
0.2773,0.7155,1.1537,1.5919
0.3573,0.7955,1.2337,1.6719
0.3096,0.7479,1.1861,1.6244
0.3595,0.7977,1.2359,1.6741
0.3035,0.7417,1.1799,1.6181
0.3433,0.7815,1.2197,1.6579
0.0685,0.5067,0.9449,1.3831,1.8213
0.0756,0.5138,0.952,1.3902,1.8285
0.1285,0.5667,1.0049,1.4432,1.8814
0.0049,0.4432,0.8814,1.3196,1.7579
0.324,0.7622,1.2004,1.6387
0.2369,0.6751,1.1133,1.5515,1.9898
0.0042,0.4425,0.8807,1.3189,1.7571
0.2475,0.6858,1.124,1.5623
0.2235,0.6617,1.0999,1.5382,1.9764
0.1766,0.6148,1.053,1.4913,1.9295
0.08,0.5182,0.9564,1.3946,1.8328,1.8328
0.2683,0.7065,1.1447,1.5829
0.0503,0.4885,0.9267,1.3649,1.8031
0.3165,0.7547,1.1929,1.6312
0.1061,0.5443,0.9825,1.4207,1.859
0.3008,0.739,1.1772,1.6154
0.1259,0.5641,1.0023,1.4405,1.8788
0.2504,0.6886,1.1268,1.565
0.2096,0.6478,1.086,1.5243,1.9625
0.004,0.4423,0.8805,1.3187,1.7569
0.1669,0.6051,1.0433,1.4816,1.9198
0.3641,0.8023,1.2405,1.6788
0.1314,0.5696,1.0078,1.446,1.8843
0.1419,0.5801,1.0183,1.4565,1.8948
0.0889,0.5271,0.9653,1.4035,1.8417
0.141,0.5792,1.0174,1.4557,1.8939
0.1403,0.5785,1.0167,1.455,1.8933
0.1945,0.6327,1.0709,1.5091,1.9474
0.0331,0.4714,0.9096,1.3478,1.7861
0.2382,0.6764,1.1146,1.5528,1.9911
0.0734,0.5116,0.9498,1.388,1.8263
0.1119,0.5501,0.9883,1.4265,1.8648
0.255,0.6932,1.1314,1.5696
0.1061,0.5443,0.9825,1.4207,1.859
0.3551,0.7933,1.2315,1.6697
0.1457,0.5839,1.0221,1.4603,1.8986
0.0742,0.5124,0.9506,1.3888,1.827
0.0423,0.4805,0.9187,1.3569,1.7951
0.0533,0.4915,0.9297,1.3679,1.8062
0.1448,0.583,1.0212,1.4595,1.8977
0.0409,0.4791,0.9173,1.3555,1.7938
0.0957,0.5339,0.9721,1.4103,1.8486
0.3089,0.7471,1.1853,1.6235
0.2964,0.7346,1.1728,1.6111
0.1547,0.5929,1.0311,1.4694,1.9076
0.0225,0.4608,0.899,1.3372,1.7755
0.3514,0.7896,1.2278,1.666
0.0567,0.4949,0.9331,1.3713,1.8095
0.2239,0.6621,1.1003,1.5386,1.9768
0.1752,0.6134,1.0516,1.4899,1.9281
0.3553,0.7935,1.2317,1.6699
0.0107,0.449,0.8872,1.3254,1.7637
0.0446,0.4828,0.921,1.3592,1.7974
0.1602,0.5984,1.0366,1.4748,1.9131
1.7,440.0,878.2,1316.4,1754.6,1754.6
0.1232,0.5614,0.9996,1.4378,1.876
0.2685,0.7067,1.1449,1.5831
0.2743,0.7125,1.1507,1.589
0.1587,0.5969,1.0351,1.4734,1.9116
0.1201,0.5584,0.9966,1.4348,1.8731
0.1126,0.5508,0.989,1.4272,1.8654
0.219,0.6572,1.0954,1.5337,1.9719
0.2735,0.7117,1.1499,1.5882
0.1798,0.618,1.0562,1.4944,1.9327
0.3276,0.7658,1.204,1.6422
0.2243,0.6625,1.1007,1.5389,1.9772
0.2778,0.716,1.1542,1.5925
0.105,0.5432,0.9814,1.4196,1.8578
0.0156,0.4539,0.8921,1.3303,1.7685
0.199,0.6372,1.0754,1.5137,1.9519
0.1575,0.5957,1.0339,1.4721,1.9103
0.2804,0.7186,1.1568,1.595
0.3263,0.7645,1.2027,1.641
0.2531,0.6913,1.1295,1.5677
0.2655,0.7037,1.1419,1.5802
0.3572,0.7954,1.2336,1.6718
0.0377,0.4759,0.9141,1.3523,1.7905
0.365,0.8032,1.2414,1.6797
0.0739,0.5121,0.9503,1.3885,1.8268
0.1544,0.5926,1.0308,1.469,1.9073
0.0798,0.518,0.9562,1.3944,1.8327
0.1418,0.58,1.0182,1.4564,1.8947,1.8947
0.3453,0.7835,1.2217,1.6599
0.3194,0.7576,1.1958,1.634
0.2391,0.6773,1.1155,1.5538,1.992
0.0968,0.5351,0.9733,1.4115,1.8497
0.0681,0.5063,0.9445,1.3827,1.8209
0.0483,0.4865,0.9247,1.3629,1.8011
0.2761,0.7143,1.1525,1.5908
0.0098,0.448,0.8862,1.3244,1.7626
0.2519,0.6901,1.1283,1.5666
0.2844,0.7226,1.1608,1.599
0.0414,0.4796,0.9178,1.356,1.7943
0.3482,0.7864,1.2246,1.6629
0.1802,0.6184,1.0566,1.4948,1.9331
0.2471,0.6853,1.1235,1.5617
0.2462,0.6844,1.1226,1.5608,1.999
0.1839,0.6221,1.0603,1.4985,1.9368
0.2379,0.6761,1.1143,1.5526,1.9908
0.2966,0.7348,1.173,1.6112
0.1352,0.5734,1.0116,1.4499,1.8881
0.2271,0.6654,1.1036,1.5419,1.9801
0.2458,0.684,1.1222,1.5605,1.9987
0.0938,0.532,0.9702,1.4084,1.8467
0.2571,0.6953,1.1335,1.5717
0.3384,0.7766,1.2148,1.6531
0.0288,0.4671,0.9053,1.3435,1.7818
0.2279,0.6661,1.1043,1.5426,1.9808
0.322,0.7602,1.1984,1.6367
0.2525,0.6907,1.1289,1.5671
0.0201,0.4583,0.8965,1.3347,1.7729
0.1352,0.5734,1.0116,1.4499,1.8881
0.109,0.5472,0.9854,1.4236,1.8618
0.1409,0.5791,1.0173,1.4556,1.8938
0.0551,0.4933,0.9315,1.3697,1.808
0.2048,0.643,1.0812,1.5195,1.9578
0.327,0.7652,1.2034,1.6416
0.3572,0.7954,1.2336,1.6718
0.1939,0.6321,1.0703,1.5085,1.9468
0.3118,0.75,1.1882,1.6265,1.6265
0.1234,0.5616,0.9998,1.438,1.8763
0.2718,0.71,1.1482,1.5865,1.5865
0.317,0.7552,1.1934,1.6316
0.0592,0.4974,0.9356,1.3738,1.8121
0.0237,0.462,0.9002,1.3384,1.7766
0.1759,0.6141,1.0523,1.4905,1.9288
0.2551,0.6933,1.1315,1.5697
0.0607,0.4989,0.9371,1.3753,1.8135
0.0519,0.4901,0.9283,1.3665,1.8047
0.2842,0.7224,1.1606,1.5989
0.0095,0.4477,0.8859,1.3241,1.7623
0.1652,0.6034,1.0416,1.4799,1.9181
0.208,0.6462,1.0844,1.5226,1.9609
0.1364,0.5746,1.0128,1.4511,1.8893
0.2919,0.7301,1.1683,1.6066
0.2289,0.6671,1.1053,1.5435,1.9818
0.235,0.6732,1.1114,1.5496,1.9879
0.2969,0.7351,1.1733,1.6115
0.2619,0.7001,1.1383,1.5766
0.1103,0.5485,0.9867,1.4249,1.8631
0.1985,0.6367,1.0749,1.5131,1.9514
0.2828,0.721,1.1592,1.5974
0.2175,0.6557,1.0939,1.5322,1.9704
0.3225,0.7607,1.1989,1.6372
0.3052,0.7434,1.1816,1.6198
0.3122,0.7504,1.1886,1.6269
0.2373,0.6755,1.1137,1.552,1.9902
0.2927,0.7309,1.1691,1.6073
0.0963,0.5345,0.9727,1.4109,1.8491
0.353,0.7912,1.2294,1.6676
0.2117,0.6499,1.0881,1.5264,1.9646
0.1949,0.6331,1.0713,1.5096,1.9478
0.179,0.6172,1.0554,1.4937,1.9319
0.1019,0.5401,0.9783,1.4165,1.8548
0.1632,0.6014,1.0396,1.4779,1.9161
0.3558,0.794,1.2322,1.6704
0.1367,0.5749,1.0131,1.4514,1.8896
0.1926,0.6308,1.069,1.5072,1.9455
0.3619,0.8001,1.2383,1.6765
0.0074,0.4456,0.8838,1.322,1.7603
0.3239,0.7621,1.2003,1.6386
0.2885,0.7267,1.1649,1.6031
0.1267,0.5649,1.0031,1.4414,1.8796
0.0329,0.4711,0.9093,1.3475,1.7858
0.3348,0.773,1.2112,1.6494
0.1728,0.611,1.0492,1.4875,1.9257
0.2997,0.7379,1.1761,1.6144
0.3618,1.2382,1.6764,1.2382,1.6764
0.2774,0.7156,1.1538,1.5921
0.282,0.7202,1.1584,1.5967
0.1953,0.6335,1.0717,1.51,1.9482,1.9482
0.2467,0.6849,1.1231,1.5613,1.9996
0.189,0.6272,1.0654,1.5037,1.9419
0.3445,0.7827,1.2209,1.6592
0.3072,0.7454,1.1836,1.6218
0.3041,0.7423,1.1805,1.6188
0.2262,0.6644,1.1026,1.5408,1.9791
0.0991,0.5373,0.9755,1.4137,1.852
0.3227,0.7609,1.1991,1.6373
0.3174,0.7556,1.1938,1.632
0.245,0.6832,1.1214,1.5596,1.9979
0.3529,0.7911,1.2293,1.6676
0.1564,0.5946,1.0328,1.471,1.9093
0.288,0.7262,1.1644,1.6027
0.1186,0.5568,0.995,1.4332,1.8714
0.2148,0.653,1.0912,1.5294,1.9677
0.1388,0.577,1.0152,1.4535,1.8917
0.1789,0.6171,1.0553,1.4936,1.9318
0.1867,0.6249,1.0631,1.5014,1.9396
0.1813,0.6195,1.0577,1.496,1.9342
0.0659,0.5041,0.9423,1.3805,1.8187
0.3428,0.781,1.2192,1.6575
0.1392,0.5774,1.0156,1.4539,1.8921
0.2808,0.719,1.1572,1.5954
0.0987,0.5369,0.9751,1.4133,1.8515
0.2694,0.7076,1.1458,1.5841
0.2763,0.7145,1.1527,1.591
0.0668,0.505,0.9432,1.3814,1.8196
0.249,0.6872,1.1254,1.5636
0.2012,0.6394,1.0776,1.5159,1.9541
0.3663,0.8045,1.2427,1.681
0.3206,0.7588,1.197,1.6353
0.2353,0.6735,1.1117,1.55,1.9882,1.9882
0.3175,0.7557,1.1939,1.6321
0.3426,0.7808,1.219,1.6573
0.3122,0.7504,1.1886,1.6269
0.3261,0.7643,1.2025,1.6408
0.1971,0.6353,1.0735,1.5118,1.95,
0.1589,0.5971,1.0353,1.4736,1.9118
0.3082,0.7464,1.1846,1.6229
0.3571,0.7953,1.2335,1.6717
0.2973,0.7355,1.1737,1.6119
0.1843,0.6225,1.0607,1.4989,1.9372
0.2618,1.1382,1.5765,1.1382,1.5765
0.2524,0.6906,1.1288,1.567
0.3181,0.7563,1.1945,1.6328
0.3265,0.7647,1.2029,1.6412
0.0931,0.5313,0.9695,1.4077,1.846
0.2648,0.703,1.1412,1.5794
0.2274,0.6656,1.1038,1.5421,1.9803
0.2063,0.6445,1.0827,1.5209,1.9592
0.0615,0.4998,0.938,1.3762,1.8145
0.2803,0.7185,1.1567,1.595
0.1567,0.5949,1.0331,1.4714,1.9096
0.0812,0.5194,0.9576,1.3958,1.8341
0.1236,0.5618,1.4382,1.8765,1.4382,1.8765,1.8765
0.2328,0.671,1.1092,1.5474,1.9857
0.2585,0.6967,1.1349,1.5731
0.1352,0.5734,1.0116,1.4499,1.8881
0.1472,0.5854,1.0236,1.4619,1.9001
0.3617,0.7999,1.2381,1.6763
0.0625,0.5007,0.9389,1.3771,1.8153
0.1302,0.5684,1.0066,1.4448,1.8831
0.0106,0.4488,0.887,1.3252,1.7635
0.1081,0.5463,0.9845,1.4227,1.861
0.3556,0.7938,1.232,1.6702
0.2128,0.651,1.0892,1.5274,1.9657
0.2199,0.6581,1.0963,1.5346,1.9728
0.1978,0.636,1.0742,1.5124,1.9506
0.2892,0.7274,1.1656,1.6038
0.1435,0.5817,1.0199,1.4581,1.8964
0.1141,0.5523,0.9905,1.4287,1.867
0.3428,0.781,1.2192,1.6575
0.349,0.7872,1.2254,1.6636
0.3218,0.76,1.1982,1.6365,1.6365
0.3316,0.7698,1.208,1.6462
0.2312,0.6694,1.1076,1.5459,1.9841
0.2986,0.7368,1.175,1.6132
0.3198,0.758,1.1962,1.6345
0.3544,0.7926,1.2308,1.6691
0.3506,0.7888,1.227,1.6653
0.32,0.7582,1.1964,1.6347,1.6347
0.2924,0.7306,1.1688,1.6071
0.3377,0.7759,1.2141,1.6523
0.044,0.4822,0.9204,1.3586,1.7968
0.2804,0.7186,1.1568,1.595
0.3447,0.7829,1.2211,1.6594
0.0305,0.4688,0.9071,1.3453,1.7836
0.1179,0.5561,0.9943,1.4325,1.8708
0.2204,0.6586,1.0968,1.535,1.9733
0.2091,0.6473,1.0855,1.5238,1.962
0.3515,0.7897,1.2279,1.6661
0.2121,0.6503,1.0885,1.5267,1.965
0.0821,0.5203,0.9585,1.3967,1.8349
0.2901,0.7283,1.1665,1.6048
0.2374,0.6756,1.1138,1.5521,1.9903
0.2586,0.6968,1.135,1.5732
0.1659,0.6041,1.0423,1.4805,1.9188
0.0826,0.5208,0.959,1.3972,1.8354
0.3095,0.7477,1.1859,1.6241
0.3087,0.7469,1.1851,1.6233
0.1236,0.5618,1.4382,1.8765,1.4382,1.8765,1.8765
0.357,0.7952,1.2334,1.6716
0.1539,0.5921,1.0303,1.4685,1.9068
0.2466,0.6848,1.123,1.5612,1.9995
0.345,0.7832,1.2214,1.6596
0.2867,0.7249,1.1631,1.6013
0.304,0.7422,1.1804,1.6187
0.3614,0.7996,1.2378,1.676
0.3561,0.7943,1.2325,1.6708
0.0457,0.4839,0.9221,1.3603,1.7986
0.3653,0.8035,1.2417,1.6799
0.3021,0.7403,1.1785,1.6168
0.321,0.7592,1.1974,1.6356
0.0226,0.4609,0.8991,1.3373,1.7756
0.1052,0.5434,0.9816,1.4198,1.8581
0.1125,0.5507,0.9889,1.4271,1.8653
0.1787,0.6169,1.0551,1.4934,1.9316
0.2814,0.7196,1.1578,1.5961
0.1897,0.6279,1.0661,1.5043,1.9425
0.1873,0.6256,1.0638,1.5021,1.9403
0.193,0.6312,1.0694,1.5077,1.9459
0.0317,0.4699,0.9081,1.3463,1.7845
0.1391,0.5773,1.0155,1.4538,1.892
0.0515,0.4897,0.9279,1.3661,1.8044
0.0712,0.5094,0.9476,1.3858,1.8241
0.2333,0.6715,1.1097,1.548,1.9862
0.2876,0.7258,1.164,1.6023
0.2133,0.6515,1.0897,1.528,1.9662
0.323,0.7612,1.1994,1.6376
0.2655,0.7037,1.1419,1.5802
0.2087,0.6469,1.0851,1.5233,1.9616
0.3146,0.7528,1.191,1.6293
0.0401,0.4783,0.9165,1.3547,1.7929
0.2958,0.734,1.1722,1.6105
0.3146,0.7528,1.191,1.6293
0.213,0.6512,1.0894,1.5277,1.9659
0.3091,0.7473,1.1855,1.6237
0.0966,0.5348,0.973,1.4112,1.8494
0.2944,0.7326,1.1708,1.6091
0.3226,0.7608,1.199,1.6373
0.1586,0.5968,1.035,1.4733,1.9115
0.2953,0.7335,1.1717,1.6099
0.2614,0.6996,1.1378,1.5761
0.0947,0.5329,0.9711,1.4093,1.8475
0.0163,0.4546,0.8928,1.331,1.7692
0.3598,0.798,1.2362,1.6744
0.1663,0.6045,1.0427,1.4809,1.9192
0.3407,0.7789,1.2171,1.6554
0.3261,0.7643,1.2025,1.6408
0.2121,0.6503,1.0885,1.5267,1.965
0.311,0.7492,1.1874,1.6256
0.2794,0.7176,1.1558,1.5941
0.3268,0.765,1.2032,1.6414
0.2202,0.6584,1.0966,1.5348,1.9731
0.176,0.6142,1.0524,1.4906,1.9289
0.1308,0.569,1.0072,1.4455,1.8837
0.2306,0.6688,1.107,1.5452,1.9835
0.0333,0.4715,0.9097,1.3479,1.7862
0.2459,0.6841,1.1223,1.5606,1.9988
0.2639,0.7021,1.1403,1.5786
0.1736,0.6118,1.05,1.4882,1.9264,1.9264
0.0548,0.493,0.9312,1.3694,1.8077
0.2043,0.6425,1.0807,1.5189,1.9572
0.2958,0.734,1.1722,1.6105
0.0577,0.4959,0.9341,1.3723,1.8106
0.1824,0.6206,1.0588,1.497,1.9353
0.2922,0.7304,1.1686,1.6069
0.2722,0.7104,1.1486,1.5869
0.2468,0.685,1.1232,1.5614,1.9997
0.022,0.4603,0.8985,1.3367,1.7749
0.0426,0.4808,0.919,1.3572,1.7954
0.2263,0.6645,1.1027,1.5409,1.9792
0.2079,0.6461,1.0843,1.5225,1.9607
0.2348,0.673,1.1112,1.5494,1.9877
0.0793,0.5175,0.9557,1.3939,1.8322
0.2382,0.6764,1.1146,1.5528,1.9911
0.3226,0.7608,1.199,1.6373
0.2584,0.6966,1.1348,1.573
0.1071,0.5453,0.9835,1.4217,1.8599
0.3277,0.7659,1.2041,1.6423
0.1185,0.5567,0.9949,1.4331,1.8713
0.0853,0.5235,0.9617,1.3999,1.8382
0.2315,0.6697,1.1079,1.5462,1.9844
0.124,0.5622,1.0004,1.4386,1.8769
0.0887,0.5269,0.9651,1.4033,1.8415
0.3497,0.7879,1.2261,1.6643
0.2739,0.7121,1.1503,1.5886
0.3564,0.7946,1.2328,1.6711
0.3266,0.7648,1.203,1.6413
0.2388,0.677,1.1152,1.5534,1.9917
